小区名,地址,楼层高度,建造年限
绿地城上海滩花园(三期),顺庆火车北站潆华北路,低层(共26层),
博雅豪庭,顺庆白土坝潆华南路二段158号,低层(共25层),
恒大中航城(二期),顺庆清泉坝澄泉路,低层(共24层),
佳兆业君临,顺庆白土坝凤鸣路18号,高层(共25层),
滨江首座(顺庆),顺庆滨江大道滨江中路一段407号,低层(共32层),
恒大中航城(二期),顺庆清泉坝澄泉路,高层(共27层),
恒大中航城(二期),顺庆清泉坝澄泉路,高层(共27层),
北岭颐园(北区),顺庆白土坝潆华南路2段68号,中层(共6层),
龙吟瑞景,顺庆市政新区镇江西路一段55号,共3层,
蓝光香江国际,顺庆南门坝南门北街80号,中层(共34层),
泰合尚渡,顺庆金鱼岭滨江中路一段97号,中层(共30层),
春风玫瑰园,顺庆市政新区万年西路93号,中层(共11层),
蓝光COCO香江二期,顺庆清泉坝清池路19号,中层(共30层),
春风玫瑰园,顺庆市政新区万年西路93号,低层(共6层),
马电花园,顺庆市政新区滨江北路二段72号,低层(共6层),
龙吟华城,顺庆金鱼岭龙吟路33号,低层(共6层),
金色愿景东苑,顺庆市政新区清风北路一段58号,中层(共33层),
骏达小区,顺庆顺庆五星花园双福街71号,中层(共6层),
恒大中航城(二期),顺庆清泉坝澄泉路,高层(共27层),
恒大中航城(二期),顺庆清泉坝澄泉路,中层(共27层),
恒大中航城(二期),顺庆清泉坝澄泉路,中层(共27层),
蓝光雍锦半岛,顺庆清泉坝澄泉路159号,高层(共30层),
辉宇都市泊岸,顺庆潆溪潆康南路316号,低层(共6层),
科兴印月湾,顺庆潆溪高新大道一段202号,,
科兴印月湾,顺庆潆溪高新大道一段202号,,
蓝光雍锦半岛,顺庆清泉坝澄泉路159号,低层(共11层),
清泉小区东区,顺庆市政新区清风北路二段28号,低层(共6层),
蓝光雍锦半岛,顺庆清泉坝澄泉路159号,低层(共11层),
塞维利亚,顺庆市政新区清泉寺北路23号,中层(共10层),
恒大绿洲,顺庆恒大绿洲府荆大道南段26号,高层(共32层),
coco香江三期,顺庆清泉坝清嘉路,高层(共37层),
和锦名苑,顺庆市政新区清泉寺南路31号,高层(共31层),
北岭颐园(北区),顺庆白土坝潆华南路2段68号,中层(共6层),
蓝光雍锦半岛,顺庆清泉坝澄泉路159号,高层(共30层),
北岭颐园(北区),顺庆白土坝潆华南路2段68号,高层(共6层),
北岭颐园(北区),顺庆白土坝潆华南路2段68号,中层(共6层),
市委机关生活区,顺庆北湖公园北湖路118号,高层(共7层),
蓝光雍锦半岛,顺庆清泉坝澄泉路159号,高层(共32层),
石油新城东二区,顺庆市政新区镇江东路二段17号,低层(共11层),
鸿通文德中央大境,顺庆市公安局潆华中路二段,低层(共26层),
碧桂园凤栖阁,顺庆北干道金鱼岭路525号,中层(共11层),
敏捷星汇源著,顺庆市公安局华泰路,中层(共26层),
金为领地悦城,顺庆马市铺华荣路一段299号,低层(共28层),
尚水佳苑,顺庆市政新区规划八路,中层(共23层),
塞维利亚,顺庆市政新区清泉寺北路23号,低层(共6层),
清泉小区西区,顺庆市政新区清风北路二段19号,低层(共6层),
尚水佳苑,顺庆市政新区规划八路,中层(共23层),
绸厂上院宿舍,顺庆火车站延安路,共5层,
铁投锦华府,顺庆华凤锦程路108号,高层(共26层),
蓝光雍锦半岛,顺庆清泉坝澄泉路159号,高层(共33层),
金科集美天宸(二期),顺庆清泉坝清池路126号,中层(共28层),
印象森林,顺庆市政新区环都大道一段59号,低层(共33层),
天府明珠,顺庆市政新区滨江北路三段56号,低层(共31层),
鸿升凯旋城,顺庆滨江大道滨江北路一段,中层(共24层),
欧香小镇,顺庆白土坝潆华中路二段429号,中层(共31层),
春风玫瑰园,顺庆市政新区万年西路93号,高层(共24层),
凌凯春天,顺庆市政新区茂源北路173号,低层(共18层),
欧香小镇,顺庆白土坝潆华中路二段429号,中层(共31层),
欧香小镇,顺庆白土坝潆华中路二段429号,中层(共31层),
欧香小镇,顺庆白土坝潆华中路二段429号,中层(共31层),
云庐,顺庆火车站华生东路98号,低层(共25层),
欧香小镇,顺庆白土坝潆华中路二段429号,中层(共32层),
锦上花苑,顺庆市政新区清泉寺南路3号,低层(共17层),
南充公馆,顺庆市政新区万年东路36号,中层(共11层),
尚品观邸,顺庆市政新区镇江西路36号,中层(共26层),
新豪天地,顺庆白土坝白土坝路,低层(共26层),
鸿通南充院子,顺庆华凤佳华路219号,低层(共22层),
欧香小镇,顺庆白土坝潆华中路二段429号,中层(共32层),
绿地城上海滩花园(三期),顺庆火车北站潆华北路,低层(共26层),
领地天屿,顺庆华凤金鱼岭路599号,低层(共24层),
金鸿城三期归谷,顺庆华凤锦程路327号,中层(共18层),
宏宇心悦国际,顺庆市政新区玉秀路11号,低层(共18层),
江与城(顺庆),顺庆市政新区清泉寺北路12号,低层(共28层),
欧香小镇,顺庆白土坝潆华中路二段429号,低层(共31层),
蓝光雍锦半岛,顺庆清泉坝澄泉路159号,低层(共31层),
印象森林,顺庆市政新区环都大道一段59号,低层(共33层),
春风玫瑰园,顺庆市政新区万年西路93号,中层(共24层),
江与城(顺庆),顺庆市政新区清泉寺北路12号,低层(共31层),
江与城(顺庆),顺庆市政新区清泉寺北路12号,低层(共27层),
恒大中航城(二期),顺庆清泉坝澄泉路,低层(共26层),
金树湾,顺庆市政新区镇江西路二段133号,低层(共24层),
鸿通春天花城,顺庆华凤站前大道一段6号,低层(共25层),
滨江首座(顺庆),顺庆滨江大道滨江中路一段407号,低层(共32层),
绿地城上海滩花园(一区),顺庆火车北站潆华北路一段,低层(共27层),
绿地城上海滩花园(一区),顺庆火车北站潆华北路一段,低层(共25层),
中南世纪城,顺庆滨江大道清澜路二段1号,低层(共28层),
蓝光COCO香江,顺庆清泉坝饮泉路36号,低层(共26层),
香槟小城(二区),顺庆火车站伍家坡街76号,低层(共26层),
蓝光COCO香江二期,顺庆清泉坝清池路19号,低层(共31层),
石油新城东二区,顺庆市政新区镇江东路二段17号,低层(共11层),
西蜀嘉园,顺庆市政新区锦程路269号,中层(共29层),
铁投锦华府,顺庆华凤锦程路108号,低层(共26层),
马电花园,顺庆市政新区滨江北路二段72号,低层(共26层),
锦上花苑,顺庆市政新区清泉寺南路3号,中层(共16层),
筑韵丽都花园,顺庆市政新区镇江西路二段173号,低层(共27层),
蓝光COCO香江,顺庆清泉坝饮泉路36号,低层(共26层),
绿地城上海滩花园(三期),顺庆火车北站潆华北路,中层(共27层),
天府明珠,顺庆市政新区滨江北路三段56号,低层(共18层),
春风玫瑰园,顺庆市政新区万年西路93号,中层(共11层),
绿地城上海滩花园(一区),顺庆火车北站潆华北路一段,中层(共25层),
绿地城上海滩花园(一区),顺庆火车北站潆华北路一段,低层(共25层),
凌凯春天,顺庆市政新区茂源北路173号,低层(共18层),
中南世纪城,顺庆滨江大道清澜路二段1号,低层(共28层),
南充公馆,顺庆市政新区万年东路36号,中层(共11层),
宏宇心悦国际,顺庆市政新区玉秀路11号,低层(共18层),
印象森林,顺庆市政新区环都大道一段59号,低层(共33层),
欧香小镇,顺庆白土坝潆华中路二段429号,低层(共31层),
铁投锦华府,顺庆华凤锦程路108号,低层(共26层),
锦上花苑,顺庆市政新区清泉寺南路3号,中层(共16层),
凌凯春天,顺庆市政新区茂源北路173号,低层(共18层),
宏宇心悦国际,顺庆市政新区玉秀路11号,低层(共18层),
欧香小镇,顺庆白土坝潆华中路二段429号,低层(共31层),
铁投锦华府,顺庆华凤锦程路108号,低层(共26层),
锦上花苑,顺庆市政新区清泉寺南路3号,中层(共16层),
欧香小镇,顺庆白土坝潆华中路二段429号,低层(共31层),
欧香小镇,顺庆白土坝潆华中路二段429号,低层(共31层),
欧香小镇,顺庆白土坝潆华中路二段429号,低层(共31层),
欧香小镇,顺庆白土坝潆华中路二段429号,低层(共31层),
欧香小镇,顺庆白土坝潆华中路二段429号,低层(共31层),
欧香小镇,顺庆白土坝潆华中路二段429号,低层(共31层),
蓝光COCO香江,顺庆清泉坝饮泉路36号,低层(共25层),
尚水佳苑,顺庆市政新区规划八路,低层(共23层),
海润滨江,顺庆滨江大道滨江中路一段,低层(共25层),
海润滨江,顺庆滨江大道滨江中路一段,中层(共26层),
南充恒大中航城,顺庆清泉坝清嘉路168号,中层(共33层),
欧香小镇,顺庆白土坝潆华中路二段429号,低层(共33层),
鸿通春天花城,顺庆华凤站前大道一段6号,低层(共13层),
江与城(顺庆),顺庆市政新区清泉寺北路12号,低层(共27层),
恒大中航城(二期),顺庆清泉坝澄泉路,低层(共27层),
锦上花苑,顺庆市政新区清泉寺南路3号,中层(共18层),
仁和春天花园,顺庆华凤潆华南路一段53号,共3层,
江与城(顺庆),顺庆市政新区清泉寺北路12号,低层(共32层),
凌凯春天,顺庆市政新区茂源北路173号,低层(共18层),
江与城(顺庆),顺庆市政新区清泉寺北路12号,低层(共32层),
江与城(顺庆),顺庆市政新区清泉寺北路12号,低层(共32层),
泰合青年城,顺庆滨江大道胜利路,中层(共27层),
恒大绿洲,顺庆恒大绿洲府荆大道南段26号,高层(共32层),
春风玫瑰园,顺庆市政新区万年西路93号,中层(共24层),
鸿升凯旋城,顺庆滨江大道滨江北路一段,高层(共31层),
锦绣华庭(顺庆区),顺庆白土坝华亭路26号,中层(共30层),
江与城(顺庆),顺庆市政新区清泉寺北路12号,低层(共27层),
江与城(顺庆),顺庆市政新区清泉寺北路12号,中层(共32层),
泰合尚渡,顺庆金鱼岭滨江中路一段97号,中层(共30层),
欧香小镇,顺庆白土坝潆华中路二段429号,高层(共31层),
绿地城上海滩花园(三期),顺庆火车北站潆华北路,低层(共25层),
锦上花苑,顺庆市政新区清泉寺南路3号,低层(共17层),
滨江天地,顺庆市政新区规划八路,低层(共31层),
江与城(顺庆),顺庆市政新区清泉寺北路12号,低层(共32层),
南充恒大中航城,顺庆清泉坝清嘉路168号,共1层,
春风玫瑰园,顺庆市政新区万年西路93号,中层(共11层),
中南世纪城,顺庆滨江大道清澜路二段1号,低层(共27层),
金色愿景东苑,顺庆市政新区清风北路一段58号,低层(共32层),
恒大中航城(二期),顺庆清泉坝澄泉路,中层(共26层),
春风玫瑰园,顺庆市政新区万年西路93号,低层(共11层),
欧香小镇,顺庆白土坝潆华中路二段429号,低层(共31层),
欧香小镇,顺庆白土坝潆华中路二段429号,高层(共32层),
中南世纪城,顺庆滨江大道清澜路二段1号,中层(共27层),
蓝光COCO香江二期,顺庆清泉坝清池路19号,中层(共27层),
绿地城上海滩花园(一区),顺庆火车北站潆华北路一段,中层(共28层),
中南世纪城,顺庆滨江大道清澜路二段1号,低层(共26层),
海润滨江,顺庆滨江大道滨江中路一段,中层(共31层),
恒河罗曼威森,顺庆华凤北湖路99号,低层(共22层),
天乙华府,顺庆滨江大道滨江中路1段501号,中层(共6层),
海润滨江,顺庆滨江大道滨江中路一段,中层(共28层),
海润滨江,顺庆滨江大道滨江中路一段,中层(共33层),
金色愿景,顺庆市政新区环都大道二段17号,高层(共25层),
尚水佳苑,顺庆市政新区规划八路,中层(共30层),
凌凯春天,顺庆市政新区茂源北路173号,低层(共18层),
锦绣华庭(顺庆区),顺庆白土坝华亭路26号,中层(共30层),
欧香小镇,顺庆白土坝潆华中路二段429号,高层(共31层),
天乙华府,顺庆滨江大道滨江中路1段501号,中层(共6层),
江与城(顺庆),顺庆市政新区清泉寺北路12号,低层(共32层),
锦绣华庭(顺庆区),顺庆白土坝华亭路26号,中层(共30层),
凌凯春天,顺庆市政新区茂源北路173号,低层(共18层),
欧香小镇,顺庆白土坝潆华中路二段429号,高层(共31层),
锦绣华庭(顺庆区),顺庆白土坝华亭路26号,中层(共30层),
锦绣华庭(顺庆区),顺庆白土坝华亭路26号,中层(共30层),
锦绣华庭(顺庆区),顺庆白土坝华亭路26号,中层(共30层),
锦绣华庭(顺庆区),顺庆白土坝华亭路26号,中层(共30层),
锦绣华庭(顺庆区),顺庆白土坝华亭路26号,中层(共30层),
鸿通翡翠城檀府,顺庆恒大绿洲通江大道,低层(共11层),
南充恒大中航城,顺庆清泉坝清嘉路168号,中层(共29层),
绿地城上海滩花园(三期),顺庆火车北站潆华北路,低层(共17层),
泰合尚渡,顺庆金鱼岭滨江中路一段97号,中层(共32层),
尚水佳苑,顺庆市政新区规划八路,低层(共23层),
尚水佳苑,顺庆市政新区规划八路,中层(共24层),
春风玫瑰园,顺庆市政新区万年西路93号,中层(共24层),
江与城(顺庆),顺庆市政新区清泉寺北路12号,低层(共32层),
恒大绿洲,顺庆恒大绿洲府荆大道南段26号,低层(共32层),
江与城(顺庆),顺庆市政新区清泉寺北路12号,中层(共32层),
滨江学府,顺庆火车站滨江北路一段,低层(共29层),
天府明珠,顺庆市政新区滨江北路三段56号,低层(共32层),
尚品观邸,顺庆市政新区镇江西路36号,低层(共26层),
江与城(顺庆),顺庆市政新区清泉寺北路12号,中层(共32层),
江与城(顺庆),顺庆市政新区清泉寺北路12号,中层(共32层),
美宇凤凰城,顺庆市政新区四海街81号,中层(共28层),
南充恒大中航城,顺庆清泉坝清嘉路168号,低层(共27层),
印象森林,顺庆市政新区环都大道一段59号,中层(共32层),
泰合青年城,顺庆滨江大道胜利路,中层(共33层),
中南世纪城,顺庆滨江大道清澜路二段1号,低层(共27层),
博雅豪庭,顺庆白土坝潆华南路二段158号,中层(共25层),
凌凯春天,顺庆市政新区茂源北路173号,低层(共18层),
中南世纪城,顺庆滨江大道清澜路二段1号,低层(共27层),
绿地城上海滩花园(三期),顺庆火车北站潆华北路,中层(共29层),
锦上花苑,顺庆市政新区清泉寺南路3号,中层(共11层),
江与城(顺庆),顺庆市政新区清泉寺北路12号,低层(共30层),
金科集美天宸(二期),顺庆清泉坝清池路126号,低层(共31层),
绿地城上海滩花园(三期),顺庆火车北站潆华北路,低层(共27层),
滨江首座(顺庆),顺庆滨江大道滨江中路一段407号,低层(共18层),
泰合尚渡,顺庆金鱼岭滨江中路一段97号,中层(共31层),
蓝光COCO香江,顺庆清泉坝饮泉路36号,低层(共26层),
铁投锦华府,顺庆华凤锦程路108号,低层(共26层),
绿地城上海滩花园(一区),顺庆火车北站潆华北路一段,低层(共25层),
蓝光COCO香江,顺庆清泉坝饮泉路36号,中层(共33层),
江与城(顺庆),顺庆市政新区清泉寺北路12号,低层(共32层),
宝信金色广场,顺庆华凤华生西路16号,低层(共32层),
金科集美天宸(二期),顺庆清泉坝清池路126号,低层(共32层),
博雅豪庭,顺庆白土坝潆华南路二段158号,中层(共25层),
金科集美天宸(二期),顺庆清泉坝清池路126号,低层(共33层),
瑞露嘉都彼岸,顺庆南门坝文峰街二段33号,中层(共28层),
蓝光COCO香江二期,顺庆清泉坝清池路19号,低层(共27层),
绿地城上海滩花园(三期),顺庆火车北站潆华北路,低层(共27层),
印象森林,顺庆市政新区环都大道一段59号,中层(共6层),
金科集美天宸(一期),顺庆清泉坝清嘉路282号,低层(共25层),
江与城(顺庆),顺庆市政新区清泉寺北路12号,中层(共32层),
南充公馆,顺庆市政新区万年东路36号,中层(共11层),
泰合尚渡,顺庆金鱼岭滨江中路一段97号,中层(共33层),
江与城(顺庆),顺庆市政新区清泉寺北路12号,低层(共32层),
恒大绿洲,顺庆恒大绿洲府荆大道南段26号,低层(共32层),
博雅豪庭,顺庆白土坝潆华南路二段158号,中层(共25层),
泰合尚渡,顺庆金鱼岭滨江中路一段97号,中层(共33层),
江与城(顺庆),顺庆市政新区清泉寺北路12号,低层(共31层),
绿地城上海滩花园(一区),顺庆火车北站潆华北路一段,低层(共25层),
博雅豪庭,顺庆白土坝潆华南路二段158号,中层(共25层),
金科集美天宸(一期),顺庆清泉坝清嘉路282号,低层(共29层),
博雅豪庭,顺庆白土坝潆华南路二段158号,中层(共25层),
绿地城上海滩花园(一区),顺庆火车北站潆华北路一段,低层(共25层),
博雅豪庭,顺庆白土坝潆华南路二段158号,中层(共25层),
博雅豪庭,顺庆白土坝潆华南路二段158号,中层(共25层),
博雅豪庭,顺庆白土坝潆华南路二段158号,中层(共25层),
春风玫瑰园,顺庆市政新区万年西路93号,中层(共24层),
蓝光COCO香江二期,顺庆清泉坝清池路19号,低层(共27层),
西蜀嘉园,顺庆市政新区锦程路269号,中层(共27层),
恒大中航城(二期),顺庆清泉坝澄泉路,高层(共27层),
佳信阳光香缇,顺庆市政新区镇江西路二段101号,中层(共18层),
佳信阳光香缇,顺庆市政新区镇江西路二段101号,中层(共18层),
恒大中航城(二期),顺庆清泉坝澄泉路,中层(共24层),
中南世纪城,顺庆滨江大道清澜路二段1号,低层(共25层),
江与城(顺庆),顺庆市政新区清泉寺北路12号,中层(共32层),
和锦名苑,顺庆市政新区清泉寺南路31号,低层(共22层),
春风玫瑰园,顺庆市政新区万年西路93号,高层(共26层),
江与城(顺庆),顺庆市政新区清泉寺北路12号,中层(共30层),
蓝光COCO香江,顺庆清泉坝饮泉路36号,高层(共26层),
锦上花苑,顺庆市政新区清泉寺南路3号,中层(共11层),
欧香小镇,顺庆白土坝潆华中路二段429号,高层(共33层),
锦上花苑,顺庆市政新区清泉寺南路3号,低层(共18层),
欧香小镇,顺庆白土坝潆华中路二段429号,中层(共29层),
欧香小镇,顺庆白土坝潆华中路二段429号,中层(共31层),
绿地城上海滩花园(二区),顺庆火车北站潆华北路二段,高层(共28层),
蓝光COCO香江,顺庆清泉坝饮泉路36号,中层(共33层),
蓝光COCO香江二期,顺庆清泉坝清池路19号,低层(共25层),
春风玫瑰园,顺庆市政新区万年西路93号,低层(共10层),
春风玫瑰园,顺庆市政新区万年西路93号,高层(共27层),
博雅豪庭,顺庆白土坝潆华南路二段158号,中层(共25层),
滨江首座(顺庆),顺庆滨江大道滨江中路一段407号,中层(共27层),
中南世纪城,顺庆滨江大道清澜路二段1号,低层(共27层),
南充公馆,顺庆市政新区万年东路36号,中层(共10层),
中南世纪城,顺庆滨江大道清澜路二段1号,中层(共26层),
蓝光COCO香江二期,顺庆清泉坝清池路19号,高层(共27层),
蓝光COCO香江二期,顺庆清泉坝清池路19号,高层(共26层),
尚品观邸,顺庆市政新区镇江西路36号,中层(共27层),
中南世纪城,顺庆滨江大道清澜路二段1号,中层(共28层),
鸿通春天花城,顺庆华凤站前大道一段6号,中层(共11层),
博雅豪庭,顺庆白土坝潆华南路二段158号,中层(共31层),
天府明珠,顺庆市政新区滨江北路三段56号,低层(共31层),
海润滨江,顺庆滨江大道滨江中路一段,高层(共32层),
滨江天地,顺庆市政新区规划八路,中层(共28层),
蓝光COCO香江二期,顺庆清泉坝清池路19号,高层(共27层),
恒大绿洲,顺庆恒大绿洲府荆大道南段26号,高层(共32层),
龙吟锦城,顺庆金鱼岭水郡路41号,中层(共17层),
恒河罗曼威森,顺庆华凤北湖路99号,中层(共11层),
佳信阳光香缇,顺庆市政新区镇江西路二段101号,低层(共6层),
锦上花苑,顺庆市政新区清泉寺南路3号,低层(共17层),
锦上花苑,顺庆市政新区清泉寺南路3号,低层(共18层),
恒大绿洲,顺庆恒大绿洲府荆大道南段26号,中层(共32层),
博雅豪庭,顺庆白土坝潆华南路二段158号,中层(共25层),
中南世纪城,顺庆滨江大道清澜路二段1号,中层(共26层),
欧香小镇,顺庆白土坝潆华中路二段429号,中层(共31层),
蓝光COCO香江,顺庆清泉坝饮泉路36号,低层(共29层),
春风玫瑰园,顺庆市政新区万年西路93号,高层(共24层),
欧香小镇,顺庆白土坝潆华中路二段429号,低层(共30层),
蓝光COCO香江二期,顺庆清泉坝清池路19号,低层(共30层),
鸿通南充院子,顺庆华凤佳华路219号,低层(共11层),
江与城(顺庆),顺庆市政新区清泉寺北路12号,中层(共32层),
锦上花苑,顺庆市政新区清泉寺南路3号,低层(共18层),
尚品观邸,顺庆市政新区镇江西路36号,中层(共27层),
天府明珠,顺庆市政新区滨江北路三段56号,低层(共31层),
博雅豪庭,顺庆白土坝潆华南路二段158号,中层(共25层),
鸿通南充院子,顺庆华凤佳华路219号,低层(共11层),
江与城(顺庆),顺庆市政新区清泉寺北路12号,中层(共32层),
北岭颐园(北区),顺庆白土坝潆华南路2段68号,中层(共6层),
江与城(顺庆),顺庆市政新区清泉寺北路12号,低层(共32层),
蓝光COCO香江二期,顺庆清泉坝清池路19号,低层(共27层),
蓝光香江国际,顺庆南门坝南门北街80号,低层(共34层),
滨江天地,顺庆市政新区规划八路,高层(共30层),
石油新城东二区,顺庆市政新区镇江东路二段17号,低层(共18层),
博雅豪庭,顺庆白土坝潆华南路二段158号,中层(共25层),
云庐,顺庆火车站华生东路98号,高层(共25层),
中南世纪城,顺庆滨江大道清澜路二段1号,中层(共28层),
佳信阳光香缇,顺庆市政新区镇江西路二段101号,高层(共6层),
欧香小镇,顺庆白土坝潆华中路二段429号,高层(共29层),
石油新城东二区,顺庆市政新区镇江东路二段17号,高层(共11层),
中南世纪城,顺庆滨江大道清澜路二段1号,低层(共27层),
绿地城上海滩花园(三期),顺庆火车北站潆华北路,高层(共26层),
绿地城上海滩花园(一区),顺庆火车北站潆华北路一段,中层(共26层),
蓝光COCO香江,顺庆清泉坝饮泉路36号,高层(共27层),
鸿通南充院子,顺庆华凤佳华路219号,低层(共11层),
鸿通翡翠城檀府,顺庆恒大绿洲通江大道,中层(共28层),
马电花园,顺庆市政新区滨江北路二段72号,中层(共11层),
龙川半岛,顺庆西山丹桂路19号,中层(共26层),
佳信阳光香缇,顺庆市政新区镇江西路二段101号,高层(共6层),
蓝光COCO香江,顺庆清泉坝饮泉路36号,高层(共33层),
蓝光COCO香江,顺庆清泉坝饮泉路36号,高层(共33层),
春风玫瑰园,顺庆市政新区万年西路93号,中层(共11层),
恒河罗曼威森,顺庆华凤北湖路99号,低层(共32层),
铁投锦华府,顺庆华凤锦程路108号,中层(共26层),
恒大中航城(二期),顺庆清泉坝澄泉路,中层(共17层),
梧桐苑,顺庆市公安局玉秀路30号,低层(共6层),
汇金国际,顺庆白土坝白土坝路239号,低层(共28层),
金玉丽都,顺庆火车站铁欣路308号,高层(共33层),
欧香小镇,顺庆白土坝潆华中路二段429号,中层(共32层),
金玉丽都,顺庆火车站铁欣路308号,高层(共33层),
北岭颐园(北区),顺庆白土坝潆华南路2段68号,中层(共6层),
美宇凤凰城,顺庆市政新区四海街81号,高层(共18层),
悠山丽景,顺庆华凤潆华南路96号,中层(共15层),
江与城(顺庆),顺庆市政新区清泉寺北路12号,中层(共16层),
金色愿景东苑,顺庆市政新区清风北路一段58号,中层(共33层),
蓝光COCO香江二期,顺庆清泉坝清池路19号,中层(共27层),
美宇凤凰城,顺庆市政新区四海街81号,中层(共6层),
蓝光COCO香江,顺庆清泉坝饮泉路36号,低层(共24层),
滨江首座(顺庆),顺庆滨江大道滨江中路一段407号,中层(共32层),
恒河常春藤大院,顺庆市政新区清风南路10号,高层(共34层),
金科集美天宸(一期),顺庆清泉坝清嘉路282号,低层(共29层),
恒大中航城(二期),顺庆清泉坝澄泉路,低层(共25层),
石油新城东二区,顺庆市政新区镇江东路二段17号,低层(共6层),
蓝光COCO香江二期,顺庆清泉坝清池路19号,高层(共27层),
恒大中航城(二期),顺庆清泉坝澄泉路,低层(共26层),
美宇凤凰城,顺庆市政新区四海街81号,低层(共6层),
蓝光COCO香江二期,顺庆清泉坝清池路19号,中层(共27层),
蓝光COCO香江二期,顺庆清泉坝清池路19号,中层(共27层),
恒大中航城(二期),顺庆清泉坝澄泉路,中层(共27层),
蓝光COCO香江二期,顺庆清泉坝清池路19号,低层(共27层),
青山岭地,顺庆白土坝西华路二段117号,低层(共6层),
博雅豪庭,顺庆白土坝潆华南路二段158号,中层(共25层),
石油新城东二区,顺庆市政新区镇江东路二段17号,高层(共11层),
恒河罗曼威森,顺庆华凤北湖路99号,中层(共18层),
欧香小镇,顺庆白土坝潆华中路二段429号,中层(共26层),
汇金国际,顺庆白土坝白土坝路239号,低层(共28层),
鸿通南充院子,顺庆华凤佳华路219号,低层(共11层),
美宇凤凰城,顺庆市政新区四海街81号,低层(共6层),
铁投锦华府,顺庆华凤锦程路108号,中层(共27层),
佳兆业君汇上品,顺庆白土坝白土坝路308号,高层(共33层),
佳兆业君汇上品,顺庆白土坝白土坝路308号,高层(共33层),
泰合尚渡,顺庆金鱼岭滨江中路一段97号,中层(共19层),
鸿通南玺台,顺庆华凤潆华北路一段,高层(共11层),
中南世纪城,顺庆滨江大道清澜路二段1号,低层(共26层),
领地天屿,顺庆华凤金鱼岭路599号,高层(共25层),
铁投锦华府,顺庆华凤锦程路108号,低层(共11层),
仁和春天花园,顺庆华凤潆华南路一段53号,低层(共22层),
蓝光COCO香江二期,顺庆清泉坝清池路19号,高层(共27层),
蓝光COCO香江,顺庆清泉坝饮泉路36号,中层(共15层),
佳兆业君汇上品,顺庆白土坝白土坝路308号,高层(共33层),
博雅豪庭,顺庆白土坝潆华南路二段158号,中层(共25层),
中南世纪城,顺庆滨江大道清澜路二段1号,低层(共26层),
佳兆业君汇上品,顺庆白土坝白土坝路308号,中层(共33层),
睿景湾,顺庆马市铺锦程路258号,中层(共18层),
北岭颐园(北区),顺庆白土坝潆华南路2段68号,高层(共6层),
北岭颐园南区,顺庆北干道潆华南路二段,共5层,
蓝光COCO香江,顺庆清泉坝饮泉路36号,高层(共22层),
佳兆业君汇上品,顺庆白土坝白土坝路308号,高层(共33层),
南充恒大中航城,顺庆清泉坝清嘉路168号,高层(共32层),
英伦城邦,顺庆白土坝白土坝路288号,中层(共33层),
蓝光雍锦半岛,顺庆清泉坝澄泉路159号,高层(共30层),
北岭颐园(北区),顺庆白土坝潆华南路2段68号,中层(共6层),
龙吟瑞景,顺庆市政新区镇江西路一段55号,共5层,
颐和嘉园东区,顺庆市政新区三元路6号,高层(共6层),
云庐,顺庆火车站华生东路98号,中层(共25层),
中南世纪城,顺庆滨江大道清澜路二段1号,中层(共26层),
华林花园,顺庆马市铺青云路38号,高层(共7层),
塞维利亚,顺庆市政新区清泉寺北路23号,高层(共10层),
中南世纪城,顺庆滨江大道清澜路二段1号,低层(共25层),
北岭颐园(北区),顺庆白土坝潆华南路2段68号,中层(共6层),
北岭颐园(北区),顺庆白土坝潆华南路2段68号,中层(共6层),
祥和小区(顺庆),顺庆市政新区镇江东路一段61号,共2层,
恒河常春藤大院,顺庆市政新区清风南路10号,高层(共6层),
滨江天地,顺庆市政新区规划八路,高层(共32层),
春风玫瑰园,顺庆市政新区万年西路93号,中层(共11层),
龙吟华城,顺庆金鱼岭龙吟路33号,中层(共6层),
北岭颐园(北区),顺庆白土坝潆华南路2段68号,高层(共6层),
领地兰台府,顺庆北干道茂源南路118号,高层(共11层),
金科集美天宸(一期),顺庆清泉坝清嘉路282号,低层(共29层),
恒大中航城(二期),顺庆清泉坝澄泉路,中层(共26层),
蓝光COCO香江二期,顺庆清泉坝清池路19号,高层(共26层),
铁投锦华府,顺庆华凤锦程路108号,低层(共11层),
蓝光雍锦半岛,顺庆清泉坝澄泉路159号,低层(共31层),
欧香小镇,顺庆白土坝潆华中路二段429号,中层(共31层),
杏林小区,顺庆马市铺四海街16号,高层(共17层),
蓝光COCO香江二期,顺庆清泉坝清池路19号,高层(共27层),
鸿升凯旋城,顺庆滨江大道滨江北路一段,高层(共24层),
江与城(顺庆),顺庆市政新区清泉寺北路12号,低层(共32层),
石榴紫宸府,顺庆华凤潆华南路二段,低层(共26层),
金树湾,顺庆市政新区镇江西路二段133号,高层(共18层),
中南世纪城,顺庆滨江大道清澜路二段1号,中层(共26层),
颐和嘉园西区,顺庆市政新区三元路19号,低层(共6层),
滨江美地,顺庆清泉坝滨江北路一段278号,高层(共6层),
宝信金色广场,顺庆华凤华生西路16号,低层(共32层),
金港湾,顺庆华凤凤天路150号,高层(共6层),
佳兆业君临,顺庆白土坝凤鸣路18号,高层(共25层),
北岭颐园东区,顺庆火车站潆华南路二段68号,低层(共6层),
华林花园,顺庆马市铺青云路38号,高层(共7层),
蓝光雍锦半岛,顺庆清泉坝澄泉路159号,中层(共32层),
和锦名苑,顺庆市政新区清泉寺南路31号,中层(共33层),
佳信阳光香缇,顺庆市政新区镇江西路二段101号,高层(共18层),
恒大中航城(二期),顺庆清泉坝澄泉路,中层(共17层),
尚水佳苑,顺庆市政新区规划八路,高层(共23层),
春风玫瑰园,顺庆市政新区万年西路93号,中层(共6层),
博雅豪庭,顺庆白土坝潆华南路二段158号,中层(共25层),
中南尚景阅,顺庆清泉坝惠泉路,中层(共28层),
蓝光COCO香江,顺庆清泉坝饮泉路36号,低层(共30层),
欧香小镇,顺庆白土坝潆华中路二段429号,高层(共31层),
春风玫瑰园,顺庆市政新区万年西路93号,高层(共11层),
恒河常春藤大院,顺庆市政新区清风南路10号,中层(共6层),
江与城(顺庆),顺庆市政新区清泉寺北路12号,中层(共32层),
恒大中航城(二期),顺庆清泉坝澄泉路,高层(共27层),
英伦城邦,顺庆白土坝白土坝路288号,高层(共33层),
滨江美地,顺庆清泉坝滨江北路一段278号,高层(共6层),
恒大绿洲,顺庆恒大绿洲府荆大道南段26号,高层(共32层),
蓝光COCO香江,顺庆清泉坝饮泉路36号,中层(共24层),
石榴紫宸府,顺庆华凤潆华南路二段,低层(共26层),
恒大中航城(二期),顺庆清泉坝澄泉路,高层(共26层),
蓝光雍锦半岛,顺庆清泉坝澄泉路159号,高层(共32层),
江与城(顺庆),顺庆市政新区清泉寺北路12号,中层(共32层),
博雅豪庭,顺庆白土坝潆华南路二段158号,中层(共25层),
锦城世家,顺庆北干道白土坝路,低层(共17层),
南充公馆,顺庆市政新区万年东路36号,中层(共10层),
宝信金色广场,顺庆华凤华生西路16号,中层(共31层),
北岭颐园东区,顺庆火车站潆华南路二段68号,高层(共18层),
北岭颐园(北区),顺庆白土坝潆华南路2段68号,低层(共6层),
华林花园,顺庆马市铺青云路38号,高层(共7层),
新风尚,顺庆市政新区锦程路198号,低层(共18层),
恒大中航城(二期),顺庆清泉坝澄泉路,低层(共27层),
恒大中航城(二期),顺庆清泉坝澄泉路,中层(共16层),
蓝光COCO香江二期,顺庆清泉坝清池路19号,中层(共27层),
英伦城邦,顺庆白土坝白土坝路288号,低层(共33层),
明宇帝壹家西区,顺庆南门坝文峰街二段87号,低层(共6层),
恒大中航城(二期),顺庆清泉坝澄泉路,中层(共27层),
马电花园,顺庆市政新区滨江北路二段72号,高层(共11层),
蓝光COCO香江,顺庆清泉坝饮泉路36号,高层(共33层),
佳兆业君汇上品,顺庆白土坝白土坝路308号,高层(共33层),
尚水佳苑,顺庆市政新区规划八路,低层(共18层),
北岭颐园东区,顺庆火车站潆华南路二段68号,中层(共17层),
中梁壹号院,顺庆清泉坝澄泉路19号,高层(共33层),
天府明珠,顺庆市政新区滨江北路三段56号,中层(共18层),
汇金国际,顺庆白土坝白土坝路239号,低层(共28层),
蓝光雍锦半岛,顺庆清泉坝澄泉路159号,高层(共33层),
清泉小区东区,顺庆市政新区清风北路二段28号,中层(共6层),
博雅豪庭,顺庆白土坝潆华南路二段158号,高层(共17层),
中南世纪城,顺庆滨江大道清澜路二段1号,高层(共6层),
欧香小镇,顺庆白土坝潆华中路二段429号,低层(共6层),
北岭颐园(北区),顺庆白土坝潆华南路2段68号,中层(共6层),
欧香小镇,顺庆白土坝潆华中路二段429号,高层(共33层),
领地兰台府,顺庆北干道茂源南路118号,高层(共21层),
敏捷星汇源著,顺庆市公安局华泰路,中层(共27层),
华林花园,顺庆马市铺青云路38号,高层(共7层),
恒大中航城(二期),顺庆清泉坝澄泉路,低层(共28层),
清泉小区东区,顺庆市政新区清风北路二段28号,中层(共6层),
北岭颐园(北区),顺庆白土坝潆华南路2段68号,低层(共6层),
蓝光雍锦半岛,顺庆清泉坝澄泉路159号,高层(共31层),
清泉小区东区,顺庆市政新区清风北路二段28号,中层(共6层),
清泉小区东区,顺庆市政新区清风北路二段28号,中层(共6层),
龙湾凤凰台,顺庆北干道正兴街,低层(共31层),
鸿通翡翠城檀悦,顺庆华凤潆华西路,高层(共14层),
敏捷星汇源著,顺庆市公安局华泰路,中层(共27层),
龙吟瑞景,顺庆市政新区镇江西路一段55号,共5层,
西河南路120号小区,顺庆华凤西河南路120号,中层(共6层),
宝信金色广场,顺庆华凤华生西路16号,中层(共32层),
宝信金色广场,顺庆华凤华生西路16号,中层(共32层),
滨江天地,顺庆市政新区规划八路,中层(共30层),
汇金国际,顺庆白土坝白土坝路239号,低层(共28层),
博雅豪庭,顺庆白土坝潆华南路二段158号,中层(共25层),
蓝光COCO香江二期,顺庆清泉坝清池路19号,低层(共26层),
绿地城上海滩花园(一区),顺庆火车北站潆华北路一段,低层(共25层),
中梁壹号院,顺庆清泉坝澄泉路19号,中层(共32层),
北岭颐园(北区),顺庆白土坝潆华南路2段68号,中层(共6层),
南充恒大中航城,顺庆清泉坝清嘉路168号,中层(共33层),
清泉小区东区,顺庆市政新区清风北路二段28号,中层(共6层),
博雅豪庭,顺庆白土坝潆华南路二段158号,中层(共25层),
金树湾,顺庆市政新区镇江西路二段133号,高层(共18层),
恒大中航城(二期),顺庆清泉坝澄泉路,低层(共25层),
宇华公寓,顺庆马市铺半边街81号,中层(共18层),
博雅豪庭,顺庆白土坝潆华南路二段158号,中层(共25层),
仁和春天花园,顺庆华凤潆华南路一段53号,低层(共22层),
佳兆业君临,顺庆白土坝凤鸣路18号,高层(共27层),
宇华公寓,顺庆马市铺半边街81号,低层(共18层),
领地天屿,顺庆华凤金鱼岭路599号,高层(共25层),
江与城(顺庆),顺庆市政新区清泉寺北路12号,中层(共32层),
欧香小镇,顺庆白土坝潆华中路二段429号,低层(共32层),
英伦城邦,顺庆白土坝白土坝路288号,高层(共7层),
博雅豪庭,顺庆白土坝潆华南路二段158号,低层(共25层),
南充恒大中航城,顺庆清泉坝清嘉路168号,高层(共33层),
颐和嘉园西区,顺庆市政新区三元路19号,中层(共6层),
颐和嘉园东区,顺庆市政新区三元路6号,高层(共6层),
恒大中航城(二期),顺庆清泉坝澄泉路,低层(共26层),
春风玫瑰园,顺庆市政新区万年西路93号,高层(共11层),
博雅豪庭,顺庆白土坝潆华南路二段158号,高层(共17层),
青山岭地,顺庆白土坝西华路二段117号,低层(共6层),
北岭颐园东区,顺庆火车站潆华南路二段68号,高层(共17层),
北岭颐园(北区),顺庆白土坝潆华南路2段68号,中层(共6层),
恒大绿洲,顺庆恒大绿洲府荆大道南段26号,高层(共32层),
石油新城东二区,顺庆市政新区镇江东路二段17号,中层(共11层),
尚水佳苑,顺庆市政新区规划八路,中层(共23层),
塞维利亚,顺庆市政新区清泉寺北路23号,高层(共10层),
蓝光COCO香江,顺庆清泉坝饮泉路36号,高层(共26层),
南充恒大中航城,顺庆清泉坝清嘉路168号,中层(共29层),
锦上花苑,顺庆市政新区清泉寺南路3号,中层(共16层),
南充恒大中航城,顺庆清泉坝清嘉路168号,低层(共28层),
蓝光雍锦半岛,顺庆清泉坝澄泉路159号,高层(共33层),
金色愿景东苑,顺庆市政新区清风北路一段58号,低层(共32层),
蓝光雍锦半岛,顺庆清泉坝澄泉路159号,高层(共32层),
恒大中航城(二期),顺庆清泉坝澄泉路,高层(共27层),
博雅豪庭,顺庆白土坝潆华南路二段158号,高层(共25层),
天府明珠,顺庆市政新区滨江北路三段56号,高层(共18层),
正大花园,顺庆火车站铁昌路184-186号,共4层,
鸿升凯旋城,顺庆滨江大道滨江北路一段,高层(共31层),
博雅豪庭,顺庆白土坝潆华南路二段158号,中层(共25层),
天府明珠,顺庆市政新区滨江北路三段56号,中层(共18层),
北岭颐园东区,顺庆火车站潆华南路二段68号,高层(共18层),
宝信金色广场,顺庆华凤华生西路16号,中层(共32层),
博雅豪庭,顺庆白土坝潆华南路二段158号,低层(共25层),
博雅豪庭,顺庆白土坝潆华南路二段158号,低层(共25层),
金色愿景东苑,顺庆市政新区清风北路一段58号,高层(共33层),
碧桂园原树缇香,顺庆恒大绿洲府荆路,高层(共26层),
北岭颐园南区,顺庆北干道潆华南路二段,高层(共6层),
南充恒大中航城,顺庆清泉坝清嘉路168号,中层(共33层),
锦绣华庭(顺庆区),顺庆白土坝华亭路26号,中层(共30层),
佳兆业君汇上品,顺庆白土坝白土坝路308号,高层(共33层),
南充恒大中航城,顺庆清泉坝清嘉路168号,中层(共33层),
蓝光COCO香江二期,顺庆清泉坝清池路19号,低层(共25层),
佳信阳光香缇,顺庆市政新区镇江西路二段101号,高层(共18层),
蓝光COCO香江二期,顺庆清泉坝清池路19号,高层(共27层),
佳兆业君临,顺庆白土坝凤鸣路18号,低层(共11层),
印象森林,顺庆市政新区环都大道一段59号,中层(共6层),
香榭春天(南区),"顺庆金鱼岭正阳东路38号,延安路436号",低层(共6层),
北岭颐园(北区),顺庆白土坝潆华南路2段68号,中层(共6层),
泰合尚渡,顺庆金鱼岭滨江中路一段97号,中层(共27层),
欧香小镇,顺庆白土坝潆华中路二段429号,中层(共6层),
江与城(顺庆),顺庆市政新区清泉寺北路12号,中层(共32层),
北岭颐园(北区),顺庆白土坝潆华南路2段68号,高层(共6层),
北岭颐园(北区),顺庆白土坝潆华南路2段68号,高层(共6层),
江与城(顺庆),顺庆市政新区清泉寺北路12号,中层(共30层),
云庐,顺庆火车站华生东路98号,高层(共25层),
恒大中航城(二期),顺庆清泉坝澄泉路,高层(共26层),
塞维利亚,顺庆市政新区清泉寺北路23号,高层(共10层),
学府名城,顺庆华凤西华路三段111号,高层(共20层),
江与城(顺庆),顺庆市政新区清泉寺北路12号,低层(共24层),
蓝光雍锦半岛,顺庆清泉坝澄泉路159号,高层(共33层),
江与城(顺庆),顺庆市政新区清泉寺北路12号,中层(共16层),
塞维利亚,顺庆市政新区清泉寺北路23号,中层(共10层),
蓝光COCO香江二期,顺庆清泉坝清池路19号,高层(共26层),
博雅豪庭,顺庆白土坝潆华南路二段158号,中层(共25层),
北岭颐园(北区),顺庆白土坝潆华南路2段68号,中层(共6层),
北岭颐园南区,顺庆北干道潆华南路二段,高层(共6层),
蓝光雍锦半岛,顺庆清泉坝澄泉路159号,高层(共33层),
金科集美天宸(一期),顺庆清泉坝清嘉路282号,中层(共27层),
博雅豪庭,顺庆白土坝潆华南路二段158号,中层(共17层),
西河南路120号小区,顺庆华凤西河南路120号,高层(共7层),
江与城(顺庆),顺庆市政新区清泉寺北路12号,中层(共32层),
金科集美天宸(二期),顺庆清泉坝清池路126号,高层(共31层),
马电花园,顺庆市政新区滨江北路二段72号,中层(共11层),
金色太阳城,顺庆西华师大环都大道二段6号,高层(共6层),
颐和嘉园东区,顺庆市政新区三元路6号,高层(共6层),
春风玫瑰园,顺庆市政新区万年西路93号,中层(共6层),
瑞地楠郡,顺庆市政新区清泉寺北路216号,共5层,
和锦名苑,顺庆市政新区清泉寺南路31号,共3层,
恒大中航城(二期),顺庆清泉坝澄泉路,高层(共26层),
恒大中航城(二期),顺庆清泉坝澄泉路,中层(共33层),
欧香小镇,顺庆白土坝潆华中路二段429号,低层(共31层),
凌凯春天,顺庆市政新区茂源北路173号,低层(共18层),
云庐,顺庆火车站华生东路98号,高层(共25层),
江与城(顺庆),顺庆市政新区清泉寺北路12号,低层(共32层),
清泉小区西区,顺庆市政新区清风北路二段19号,中层(共6层),
石油新城西区,顺庆市政新区镇江东路一段26号,低层(共11层),
英伦城邦,顺庆白土坝白土坝路288号,高层(共32层),
蓝光雍锦半岛,顺庆清泉坝澄泉路159号,高层(共11层),
金科集美天宸(二期),顺庆清泉坝清池路126号,中层(共31层),
英伦城邦,顺庆白土坝白土坝路288号,低层(共32层),
尚水佳苑,顺庆市政新区规划八路,高层(共21层),
博雅豪庭,顺庆白土坝潆华南路二段158号,中层(共25层),
江与城(顺庆),顺庆市政新区清泉寺北路12号,中层(共32层),
金科集美天宸(二期),顺庆清泉坝清池路126号,中层(共32层),
佳兆业君汇上品,顺庆白土坝白土坝路308号,中层(共33层),
北岭颐园南区,顺庆北干道潆华南路二段,高层(共6层),
佳兆业君临,顺庆白土坝凤鸣路18号,低层(共11层),
欧香小镇,顺庆白土坝潆华中路二段429号,高层(共31层),
蓝光雍锦半岛,顺庆清泉坝澄泉路159号,高层(共32层),
江与城(顺庆),顺庆市政新区清泉寺北路12号,低层(共24层),
恒大中航城(二期),顺庆清泉坝澄泉路,低层(共27层),
蓝光雍锦半岛,顺庆清泉坝澄泉路159号,低层(共11层),
天府明珠,顺庆市政新区滨江北路三段56号,中层(共18层),
佳兆业君汇上品,顺庆白土坝白土坝路308号,高层(共32层),
印象森林,顺庆市政新区环都大道一段59号,中层(共32层),
恒大中航城(二期),顺庆清泉坝澄泉路,低层(共27层),
颐和嘉园西区,顺庆市政新区三元路19号,中层(共6层),
清泉小区东区,顺庆市政新区清风北路二段28号,高层(共6层),
石油新城东一区,顺庆市政新区镇江东路二段57号,共5层,
北岭颐园(北区),顺庆白土坝潆华南路2段68号,中层(共6层),
金色愿景东苑,顺庆市政新区清风北路一段58号,低层(共33层),
泰合尚渡,顺庆金鱼岭滨江中路一段97号,中层(共33层),
香榭春天(南区),"顺庆金鱼岭正阳东路38号,延安路436号",高层(共6层),
欧香小镇,顺庆白土坝潆华中路二段429号,低层(共31层),
恒大中航城(二期),顺庆清泉坝澄泉路,中层(共26层),
颐和嘉园东区,顺庆市政新区三元路6号,中层(共6层),
龙湾凤凰台,顺庆北干道正兴街,高层(共32层),
铁投锦华府,顺庆华凤锦程路108号,中层(共11层),
泰合尚渡,顺庆金鱼岭滨江中路一段97号,中层(共31层),
金色愿景,顺庆市政新区环都大道二段17号,高层(共6层),
南充恒大中航城,顺庆清泉坝清嘉路168号,低层(共31层),
境界,顺庆市政新区锦亭路80号,高层(共6层),
凌凯春天,顺庆市政新区茂源北路173号,低层(共6层),
恒大绿洲,顺庆恒大绿洲府荆大道南段26号,高层(共32层),
印象森林,顺庆市政新区环都大道一段59号,中层(共6层),
绿地城上海滩花园(三期),顺庆火车北站潆华北路,低层(共25层),
南充恒大中航城,顺庆清泉坝清嘉路168号,低层(共32层),
蓝光COCO香江,顺庆清泉坝饮泉路36号,低层(共24层),
中梁壹号院,顺庆清泉坝澄泉路19号,共5层,
蓝光COCO香江,顺庆清泉坝饮泉路36号,低层(共28层),
尚水佳苑,顺庆市政新区规划八路,中层(共23层),
恒大中航城(二期),顺庆清泉坝澄泉路,中层(共29层),
铁投锦华府,顺庆华凤锦程路108号,中层(共25层),
金色愿景,顺庆市政新区环都大道二段17号,中层(共6层),
佳兆业君临,顺庆白土坝凤鸣路18号,中层(共27层),
城市首座,顺庆火车站金鱼岭路238号,高层(共29层),
境界,顺庆市政新区锦亭路80号,高层(共6层),
蓝光COCO香江,顺庆清泉坝饮泉路36号,低层(共24层),
悠山丽景,顺庆华凤潆华南路96号,高层(共15层),
中南世纪城,顺庆滨江大道清澜路二段1号,中层(共27层),
蓝光COCO香江,顺庆清泉坝饮泉路36号,高层(共33层),
中南世纪城,顺庆滨江大道清澜路二段1号,中层(共27层),
天府明珠,顺庆市政新区滨江北路三段56号,中层(共33层),
塞维利亚,顺庆市政新区清泉寺北路23号,低层(共6层),
城市首座,顺庆火车站金鱼岭路238号,高层(共29层),
宝信金色广场,顺庆华凤华生西路16号,中层(共31层),
佳信阳光香缇,顺庆市政新区镇江西路二段101号,中层(共6层),
南充恒大中航城,顺庆清泉坝清嘉路168号,中层(共27层),
江与城(顺庆),顺庆市政新区清泉寺北路12号,中层(共32层),
中南世纪城,顺庆滨江大道清澜路二段1号,低层(共27层),
铁投锦华府,顺庆华凤锦程路108号,高层(共24层),
石油新城西区,顺庆市政新区镇江东路一段26号,低层(共11层),
尚水佳苑,顺庆市政新区规划八路,中层(共23层),
宝信金色广场,顺庆华凤华生西路16号,中层(共31层),
恒河常春藤大院,顺庆市政新区清风南路10号,高层(共34层),
春风玫瑰园,顺庆市政新区万年西路93号,高层(共18层),
鸿通南玺台,顺庆华凤潆华北路一段,高层(共11层),
铁投锦华府,顺庆华凤锦程路108号,高层(共24层),
香槟小城(二区),顺庆火车站伍家坡街76号,高层(共11层),
蓝光雍锦半岛,顺庆清泉坝澄泉路159号,高层(共9层),
蓝光COCO香江二期,顺庆清泉坝清池路19号,中层(共27层),
尚水佳苑,顺庆市政新区规划八路,中层(共23层),
恒大中航城(二期),顺庆清泉坝澄泉路,中层(共27层),
金树湾,顺庆市政新区镇江西路二段133号,高层(共18层),
碧桂园西江月,顺庆马市铺果州大道,低层(共22层),
蓝润春风屿楠,顺庆恒大绿洲通江大道,中层(共28层),
蓝润春风屿楠,顺庆恒大绿洲通江大道,低层(共25层),
蓝润春风屿楠,顺庆恒大绿洲通江大道,中层(共27层),
鸿通文德中央大境,顺庆市公安局潆华中路二段,低层(共26层),
圣地华都,顺庆华凤西华路一段40号,低层(共6层),
铁投锦华府,顺庆华凤锦程路108号,高层(共26层),
coco香江三期,顺庆清泉坝清嘉路,低层(共37层),
恒大中航城(二期),顺庆清泉坝澄泉路,中层(共27层),
恒大中航城(二期),顺庆清泉坝澄泉路,低层(共27层),
恒大中航城(二期),顺庆清泉坝澄泉路,低层(共27层),
泰合尚渡,顺庆金鱼岭滨江中路一段97号,低层(共33层),
香榭春天(南区),"顺庆金鱼岭正阳东路38号,延安路436号",高层(共6层),
马电花园,顺庆市政新区滨江北路二段72号,低层(共6层),
蓝光雍锦半岛,顺庆清泉坝澄泉路159号,低层(共8层),
和锦名苑,顺庆市政新区清泉寺南路31号,低层(共8层),
蓝光雍锦半岛,顺庆清泉坝澄泉路159号,高层(共30层),
中南世纪城,顺庆滨江大道清澜路二段1号,中层(共6层),
香槟小城(二区),顺庆火车站伍家坡街76号,高层(共11层),
蓝光雍锦半岛,顺庆清泉坝澄泉路159号,高层(共31层),
恒大中航城(二期),顺庆清泉坝澄泉路,低层(共26层),
清泉小区东区,顺庆市政新区清风北路二段28号,高层(共6层),
佳兆业君临,顺庆白土坝凤鸣路18号,高层(共25层),
佳信阳光香缇,顺庆市政新区镇江西路二段101号,高层(共6层),
南充公馆,顺庆市政新区万年东路36号,中层(共10层),
城市首座,顺庆火车站金鱼岭路238号,高层(共33层),
西蜀嘉园,顺庆市政新区锦程路269号,低层(共26层),
石油新城东二区,顺庆市政新区镇江东路二段17号,低层(共11层),
恒河常春藤大院,顺庆市政新区清风南路10号,高层(共34层),
城市首座,顺庆火车站金鱼岭路238号,中层(共33层),
马电花园,顺庆市政新区滨江北路二段72号,低层(共6层),
碧桂园原树缇香,顺庆恒大绿洲府荆路,中层(共26层),
蓝光COCO香江,顺庆清泉坝饮泉路36号,高层(共33层),
恒大中航城(二期),顺庆清泉坝澄泉路,高层(共27层),
鸿通春天花城,顺庆华凤站前大道一段6号,低层(共13层),
仪凤街72号小区,顺庆顺庆五星花园仪凤街72号,高层(共8层),
蓝光COCO香江二期,顺庆清泉坝清池路19号,中层(共29层),
龙吟锦城,顺庆金鱼岭水郡路41号,中层(共17层),
蓝光雍锦半岛,顺庆清泉坝澄泉路159号,低层(共33层),
北岭颐园东区,顺庆火车站潆华南路二段68号,中层(共18层),
中梁壹号院,顺庆清泉坝澄泉路19号,高层(共32层),
恒大中航城(二期),顺庆清泉坝澄泉路,高层(共27层),
coco香江三期,顺庆清泉坝清嘉路,高层(共37层),
上层上品,顺庆滨江大道滨江中路一段467号,高层(共26层),
佳兆业君汇上品,顺庆白土坝白土坝路308号,中层(共32层),
蓝光COCO香江,顺庆清泉坝饮泉路36号,高层(共33层),
恒大中航城(二期),顺庆清泉坝澄泉路,低层(共27层),
塞维利亚,顺庆市政新区清泉寺北路23号,高层(共10层),
恒大中航城(二期),顺庆清泉坝澄泉路,中层(共26层),
滨江首座(顺庆),顺庆滨江大道滨江中路一段407号,中层(共27层),
悦中心,顺庆南门坝桑园路38号,高层(共27层),
中南世纪城,顺庆滨江大道清澜路二段1号,低层(共27层),
蓝光雍锦半岛,顺庆清泉坝澄泉路159号,高层(共33层),
石榴紫宸府,顺庆华凤潆华南路二段,低层(共26层),
圣地华都,顺庆华凤西华路一段40号,低层(共6层),
春风玫瑰园,顺庆市政新区万年西路93号,高层(共11层),
云庐,顺庆火车站华生东路98号,高层(共25层),
海润滨江,顺庆滨江大道滨江中路一段,中层(共30层),
龙吟水郡,顺庆北干道龙吟路58号,中层(共6层),
蓝光雍锦半岛,顺庆清泉坝澄泉路159号,低层(共11层),
恒大绿洲,顺庆恒大绿洲府荆大道南段26号,高层(共32层),
蓝光COCO香江二期,顺庆清泉坝清池路19号,低层(共27层),
锦上花苑,顺庆市政新区清泉寺南路3号,低层(共17层),
铁投锦华府,顺庆华凤锦程路108号,中层(共11层),
蓝光雍锦半岛,顺庆清泉坝澄泉路159号,低层(共31层),
佳兆业君汇上品,顺庆白土坝白土坝路308号,中层(共33层),
龙吟华城,顺庆金鱼岭龙吟路33号,中层(共6层),
中梁壹号院,顺庆清泉坝澄泉路19号,高层(共33层),
恒大中航城(二期),顺庆清泉坝澄泉路,中层(共27层),
江与城(顺庆),顺庆市政新区清泉寺北路12号,中层(共32层),
印象森林,顺庆市政新区环都大道一段59号,低层(共33层),
北岭颐园(北区),顺庆白土坝潆华南路2段68号,中层(共6层),
南充恒大中航城,顺庆清泉坝清嘉路168号,低层(共29层),
海润滨江,顺庆滨江大道滨江中路一段,高层(共18层),
泰合尚渡,顺庆金鱼岭滨江中路一段97号,中层(共33层),
泰合尚渡,顺庆金鱼岭滨江中路一段97号,中层(共31层),
蓝光雍锦半岛,顺庆清泉坝澄泉路159号,高层(共31层),
蓝光COCO香江,顺庆清泉坝饮泉路36号,高层(共33层),
海润滨江,顺庆滨江大道滨江中路一段,中层(共33层),
恒大绿洲,顺庆恒大绿洲府荆大道南段26号,高层(共32层),
景上云天,顺庆南门坝福利街33号,高层(共11层),
佳兆业君汇上品,顺庆白土坝白土坝路308号,中层(共33层),
中南世纪城,顺庆滨江大道清澜路二段1号,低层(共27层),
江与城(顺庆),顺庆市政新区清泉寺北路12号,中层(共14层),
恒大中航城(二期),顺庆清泉坝澄泉路,高层(共28层),
石油新城东二区,顺庆市政新区镇江东路二段17号,低层(共11层),
泰合尚渡,顺庆金鱼岭滨江中路一段97号,高层(共32层),
香榭春天(南区),"顺庆金鱼岭正阳东路38号,延安路436号",低层(共6层),
龙吟华城,顺庆金鱼岭龙吟路33号,高层(共11层),
江与城(顺庆),顺庆市政新区清泉寺北路12号,中层(共32层),
海润滨江,顺庆滨江大道滨江中路一段,低层(共25层),
天府明珠,顺庆市政新区滨江北路三段56号,高层(共18层),
睿景湾,顺庆马市铺锦程路258号,低层(共17层),
天府明珠,顺庆市政新区滨江北路三段56号,高层(共18层),
蓝光雍锦半岛,顺庆清泉坝澄泉路159号,高层(共33层),
恒大中航城(二期),顺庆清泉坝澄泉路,低层(共27层),
蓝光COCO香江,顺庆清泉坝饮泉路36号,高层(共27层),
美宇凤凰城,顺庆市政新区四海街81号,高层(共18层),
恒河常春藤大院,顺庆市政新区清风南路10号,高层(共34层),
恒河外滩1号,顺庆南门坝南门北街16号,高层(共28层),
恒大绿洲,顺庆恒大绿洲府荆大道南段26号,高层(共32层),
上城家园,顺庆金鱼岭金鱼岭407号,低层(共6层),
清泉小区东区,顺庆市政新区清风北路二段28号,高层(共6层),
恒大绿洲,顺庆恒大绿洲府荆大道南段26号,高层(共33层),
蓝光COCO香江,顺庆清泉坝饮泉路36号,中层(共33层),
龙吟锦城,顺庆金鱼岭水郡路41号,高层(共17层),
金科集美天宸(一期),顺庆清泉坝清嘉路282号,中层(共27层),
恒河常春藤大院,顺庆市政新区清风南路10号,高层(共7层),
江与城(顺庆),顺庆市政新区清泉寺北路12号,低层(共32层),
南充公馆,顺庆市政新区万年东路36号,中层(共10层),
金科集美天宸(一期),顺庆清泉坝清嘉路282号,中层(共27层),
恒河常春藤大院,顺庆市政新区清风南路10号,高层(共7层),
鸿通文德中央大境,顺庆市公安局潆华中路二段,低层(共10层),
佳兆业君汇上品,顺庆白土坝白土坝路308号,中层(共32层),
蓝光COCO香江,顺庆清泉坝饮泉路36号,高层(共33层),
铁投锦华府,顺庆华凤锦程路108号,低层(共11层),
泰合尚渡,顺庆金鱼岭滨江中路一段97号,中层(共33层),
江与城(顺庆),顺庆市政新区清泉寺北路12号,低层(共27层),
欧香小镇,顺庆白土坝潆华中路二段429号,低层(共31层),
江与城(顺庆),顺庆市政新区清泉寺北路12号,中层(共32层),
碧桂园原树缇香,顺庆恒大绿洲府荆路,低层(共26层),
天乙华府,顺庆滨江大道滨江中路1段501号,中层(共6层),
蓝光雍锦半岛,顺庆清泉坝澄泉路159号,低层(共11层),
中南尚景阅,顺庆清泉坝惠泉路,高层(共23层),
蓝光雍锦半岛,顺庆清泉坝澄泉路159号,高层(共31层),
泰合尚渡,顺庆金鱼岭滨江中路一段97号,中层(共30层),
佳兆业君汇上品,顺庆白土坝白土坝路308号,低层(共32层),
蓝光香江国际,顺庆南门坝南门北街80号,中层(共34层),
鸿通翡翠城檀府,顺庆恒大绿洲通江大道,中层(共28层),
科华北辰天璞,顺庆火车北站潆华北路二段,中层(共24层),
蓝润春风屿楠,顺庆恒大绿洲通江大道,低层(共26层),
碧桂园西江月,顺庆马市铺果州大道,中层(共26层),
鸿通文德中央大境,顺庆市公安局潆华中路二段,中层(共27层),
鸿通伴山半岛,顺庆恒大绿洲巴江中路,中层(共17层),
景上云天,顺庆南门坝福利街33号,高层(共11层),
江与城(顺庆),顺庆市政新区清泉寺北路12号,中层(共31层),
蓝光香江国际,顺庆南门坝南门北街80号,高层(共34层),
鸿通文德中央大境,顺庆市公安局潆华中路二段,低层(共31层),
中梁壹号院,顺庆清泉坝澄泉路19号,低层(共6层),
佳兆业君汇上品,顺庆白土坝白土坝路308号,低层(共33层),
悠山丽景,顺庆华凤潆华南路96号,共3层,
海润滨江,顺庆滨江大道滨江中路一段,中层(共18层),
瑞露嘉都彼岸,顺庆南门坝文峰街二段33号,低层(共18层),
兰山香榭,顺庆马市铺马市铺路207号,低层(共6层),
上城家园,顺庆金鱼岭金鱼岭407号,低层(共6层),
六合小区,顺庆顺庆周边延安路86号,高层(共7层),
龙景苑,顺庆北干道华盛街88号,低层(共6层),
恒大中航城(二期),顺庆清泉坝澄泉路,低层(共26层),
蓝光香江国际,顺庆南门坝南门北街80号,高层(共34层),
华林花园,顺庆马市铺青云路38号,高层(共6层),
西华师大学府花园,顺庆华凤西华路三段13号,中层(共6层),
春风玫瑰园,顺庆市政新区万年西路93号,中层(共6层),
蓝光COCO香江二期,顺庆清泉坝清池路19号,高层(共31层),
海润滨江,顺庆滨江大道滨江中路一段,高层(共18层),
尚品观邸,顺庆市政新区镇江西路36号,中层(共27层),
北岭颐园(北区),顺庆白土坝潆华南路2段68号,中层(共6层),
恒河常春藤大院,顺庆市政新区清风南路10号,低层(共6层),
宏凌城市花园,顺庆华凤锦亭路36号,中层(共6层),
尚品观邸,顺庆市政新区镇江西路36号,高层(共26层),
海润滨江,顺庆滨江大道滨江中路一段,中层(共26层),
滨江首座(顺庆),顺庆滨江大道滨江中路一段407号,中层(共32层),
蓝光香江国际,顺庆南门坝南门北街80号,中层(共34层),
金树湾,顺庆市政新区镇江西路二段133号,高层(共18层),
金色愿景,顺庆市政新区环都大道二段17号,高层(共6层),
恒大绿洲,顺庆恒大绿洲府荆大道南段26号,高层(共32层),
蓝光COCO香江,顺庆清泉坝饮泉路36号,高层(共32层),
海润滨江,顺庆滨江大道滨江中路一段,低层(共26层),
滨江首座(顺庆),顺庆滨江大道滨江中路一段407号,高层(共32层),
锦上花苑,顺庆市政新区清泉寺南路3号,中层(共17层),
龙吟华城,顺庆金鱼岭龙吟路33号,中层(共6层),
成衣街78号小区,顺庆人民花园成衣街78号,低层(共7层),
春风玫瑰园,顺庆市政新区万年西路93号,中层(共15层),
鸿通春天花城,顺庆华凤站前大道一段6号,低层(共25层),
浪琴海岸,顺庆滨江大道滨江中路一段305号,中层(共32层),
新风尚,顺庆市政新区锦程路198号,低层(共6层),
江与城(顺庆),顺庆市政新区清泉寺北路12号,低层(共32层),
塞维利亚,顺庆市政新区清泉寺北路23号,高层(共6层),
龙吟水郡,顺庆北干道龙吟路58号,中层(共6层),
中南世纪城,顺庆滨江大道清澜路二段1号,中层(共31层),
恒大中航城(二期),顺庆清泉坝澄泉路,高层(共30层),
蓝光香江国际,顺庆南门坝南门北街80号,中层(共34层),
海润滨江,顺庆滨江大道滨江中路一段,中层(共25层),
春风玫瑰园,顺庆市政新区万年西路93号,高层(共11层),
恒河常春藤大院,顺庆市政新区清风南路10号,高层(共34层),
瑞露嘉都,顺庆南门坝文峰街二段2号,高层(共16层),
恒河常春藤大院,顺庆市政新区清风南路10号,高层(共6层),
仁和春天花园,顺庆华凤潆华南路一段53号,高层(共27层),
鸿通文德中央大境,顺庆市公安局潆华中路二段,高层(共32层),
海润滨江,顺庆滨江大道滨江中路一段,高层(共18层),
天府北宸悦里,顺庆马市铺马市铺路136号,低层(共16层),
蓝光雍锦半岛,顺庆清泉坝澄泉路159号,高层(共33层),
滨江天地,顺庆市政新区规划八路,高层(共30层),
蓝光COCO香江,顺庆清泉坝饮泉路36号,低层(共26层),
佳兆业君汇上品,顺庆白土坝白土坝路308号,低层(共33层),
瑞露嘉都彼岸,顺庆南门坝文峰街二段33号,中层(共28层),
佳兆业君汇上品,顺庆白土坝白土坝路308号,低层(共33层),
佳兆业广场,顺庆滨江大道正阳东路39号,高层(共36层),
金玉丽都,顺庆火车站铁欣路308号,高层(共33层),
马电花园,顺庆市政新区滨江北路二段72号,低层(共6层),
佳信阳光香缇,顺庆市政新区镇江西路二段101号,高层(共6层),
美宇凤凰城,顺庆市政新区四海街81号,高层(共18层),
印象森林,顺庆市政新区环都大道一段59号,低层(共33层),
蓝光香江国际,顺庆南门坝南门北街80号,中层(共34层),
恒河常春藤大院,顺庆市政新区清风南路10号,高层(共34层),
春风玫瑰园,顺庆市政新区万年西路93号,中层(共11层),
印象森林,顺庆市政新区环都大道一段59号,高层(共7层),
蓝光香江国际,顺庆南门坝南门北街80号,低层(共34层),
左岸枫景,顺庆西山丹桂路28号,高层(共11层),
天府明珠,顺庆市政新区滨江北路三段56号,高层(共18层),
蓝光COCO香江二期,顺庆清泉坝清池路19号,低层(共27层),
绿地城上海滩花园(三期),顺庆火车北站潆华北路,低层(共28层),
泰合青年城,顺庆滨江大道胜利路,中层(共27层),
龙吟水郡,顺庆北干道龙吟路58号,中层(共6层),
瑞丰花园,顺庆市政新区清源南路38号,高层(共23层),
兰山香榭,顺庆马市铺马市铺路207号,低层(共6层),
锦绣北湖,顺庆北湖公园文化路89号,高层(共32层),
香槟小城(二区),顺庆火车站伍家坡街76号,高层(共11层),
龙吟水郡,顺庆北干道龙吟路58号,中层(共6层),
恒河常春藤大院,顺庆市政新区清风南路10号,高层(共6层),
蓝光COCO香江,顺庆清泉坝饮泉路36号,高层(共33层),
阳光家园小区,顺庆华凤延安路,中层(共7层),
马电花园,顺庆市政新区滨江北路二段72号,中层(共7层),
石油新城东二区,顺庆市政新区镇江东路二段17号,高层(共11层),
恒大中航城(二期),顺庆清泉坝澄泉路,中层(共27层),
海润滨江,顺庆滨江大道滨江中路一段,高层(共18层),
青青佳苑,顺庆南门坝青年街96号,低层(共6层),
江与城(顺庆),顺庆市政新区清泉寺北路12号,高层(共30层),
海润滨江,顺庆滨江大道滨江中路一段,中层(共18层),
中南世纪城,顺庆滨江大道清澜路二段1号,低层(共27层),
恒大中航城(二期),顺庆清泉坝澄泉路,低层(共27层),
蓝光COCO香江二期,顺庆清泉坝清池路19号,中层(共27层),
鸿通南充院子,顺庆华凤佳华路219号,低层(共11层),
香榭春天(南区),"顺庆金鱼岭正阳东路38号,延安路436号",高层(共6层),
蓝光香江国际,顺庆南门坝南门北街80号,高层(共34层),
海润滨江,顺庆滨江大道滨江中路一段,低层(共18层),
香槟小城(二区),顺庆火车站伍家坡街76号,低层(共26层),
恒大中航城(二期),顺庆清泉坝澄泉路,高层(共26层),
海润滨江,顺庆滨江大道滨江中路一段,中层(共31层),
城市印象,顺庆金鱼岭鱼岭街66号,中层(共6层),
蓝光香江国际,顺庆南门坝南门北街80号,中层(共34层),
春风玫瑰园,顺庆市政新区万年西路93号,高层(共27层),
瑞露嘉都彼岸,顺庆南门坝文峰街二段33号,高层(共18层),
和锦名苑,顺庆市政新区清泉寺南路31号,中层(共33层),
绿地城上海滩花园(一区),顺庆火车北站潆华北路一段,低层(共27层),
天府明珠,顺庆市政新区滨江北路三段56号,高层(共18层),
蓝光COCO香江二期,顺庆清泉坝清池路19号,高层(共26层),
海润滨江,顺庆滨江大道滨江中路一段,高层(共18层),
博雅豪庭,顺庆白土坝潆华南路二段158号,中层(共25层),
香榭春天(南区),"顺庆金鱼岭正阳东路38号,延安路436号",低层(共6层),
泰合尚渡,顺庆金鱼岭滨江中路一段97号,低层(共32层),
恒大绿洲,顺庆恒大绿洲府荆大道南段26号,高层(共32层),
蓝光COCO香江二期,顺庆清泉坝清池路19号,低层(共31层),
海润滨江,顺庆滨江大道滨江中路一段,中层(共32层),
金玉丽都,顺庆火车站铁欣路308号,高层(共33层),
春风玫瑰园,顺庆市政新区万年西路93号,中层(共30层),
海润滨江,顺庆滨江大道滨江中路一段,高层(共32层),
龙吟水郡,顺庆北干道龙吟路58号,低层(共6层),
金色愿景,顺庆市政新区环都大道二段17号,高层(共25层),
英伦城邦,顺庆白土坝白土坝路288号,高层(共32层),
辉宇都市泊岸,顺庆潆溪潆康南路316号,低层(共7层),
马电花园,顺庆市政新区滨江北路二段72号,中层(共6层),
佳兆业君临,顺庆白土坝凤鸣路18号,高层(共27层),
蓝光雍锦半岛,顺庆清泉坝澄泉路159号,低层(共6层),
中南世纪城,顺庆滨江大道清澜路二段1号,中层(共26层),
江与城(顺庆),顺庆市政新区清泉寺北路12号,中层(共32层),
天乙华府,顺庆滨江大道滨江中路1段501号,中层(共6层),
泰合尚渡,顺庆金鱼岭滨江中路一段97号,低层(共33层),
龙吟华城,顺庆金鱼岭龙吟路33号,中层(共6层),
南充公馆,顺庆市政新区万年东路36号,中层(共11层),
海润滨江,顺庆滨江大道滨江中路一段,中层(共18层),
恒大中航城(二期),顺庆清泉坝澄泉路,高层(共29层),
江与城(顺庆),顺庆市政新区清泉寺北路12号,中层(共31层),
悦中心,顺庆南门坝桑园路38号,高层(共29层),
蓝光香江国际,顺庆南门坝南门北街80号,中层(共34层),
蓝光COCO香江二期,顺庆清泉坝清池路19号,中层(共27层),
泰合尚渡,顺庆金鱼岭滨江中路一段97号,中层(共32层),
蓝光雍锦半岛,顺庆清泉坝澄泉路159号,高层(共31层),
领地天屿,顺庆华凤金鱼岭路599号,高层(共25层),
恒大中航城(二期),顺庆清泉坝澄泉路,中层(共27层),
金色愿景东苑,顺庆市政新区清风北路一段58号,中层(共33层),
恒河罗曼威森,顺庆华凤北湖路99号,低层(共32层),
中南世纪城,顺庆滨江大道清澜路二段1号,低层(共27层),
欧香小镇,顺庆白土坝潆华中路二段429号,低层(共32层),
中南世纪城,顺庆滨江大道清澜路二段1号,低层(共26层),
欧香小镇,顺庆白土坝潆华中路二段429号,中层(共29层),
博雅豪庭,顺庆白土坝潆华南路二段158号,中层(共25层),
锦绣北湖,顺庆北湖公园文化路89号,高层(共33层),
中南世纪城,顺庆滨江大道清澜路二段1号,低层(共27层),
欧香小镇,顺庆白土坝潆华中路二段429号,低层(共31层),
景上云天,顺庆南门坝福利街33号,高层(共11层),
春风玫瑰园,顺庆市政新区万年西路93号,中层(共6层),
泰合尚渡,顺庆金鱼岭滨江中路一段97号,中层(共32层),
江与城(顺庆),顺庆市政新区清泉寺北路12号,中层(共32层),
蓝光COCO香江二期,顺庆清泉坝清池路19号,高层(共27层),
佳兆业君临,顺庆白土坝凤鸣路18号,高层(共25层),
领地天屿,顺庆华凤金鱼岭路599号,低层(共27层),
恒河常春藤大院,顺庆市政新区清风南路10号,高层(共35层),
马电花园,顺庆市政新区滨江北路二段72号,低层(共6层),
龙吟水郡,顺庆北干道龙吟路58号,中层(共6层),
中南世纪城,顺庆滨江大道清澜路二段1号,低层(共27层),
辉宇都市泊岸,顺庆潆溪潆康南路316号,低层(共7层),
美宇凤凰城,顺庆市政新区四海街81号,低层(共6层),
蓝光COCO香江,顺庆清泉坝饮泉路36号,高层(共33层),
龙吟华城,顺庆金鱼岭龙吟路33号,中层(共6层),
鸿通春天花城,顺庆华凤站前大道一段6号,低层(共13层),
蓝光雍锦半岛,顺庆清泉坝澄泉路159号,低层(共31层),
金鱼岭花园B区,顺庆金鱼岭金鱼街52号,低层(共6层),
博雅豪庭,顺庆白土坝潆华南路二段158号,高层(共25层),
中南世纪城,顺庆滨江大道清澜路二段1号,低层(共27层),
佳兆业广场,顺庆滨江大道正阳东路39号,低层(共31层),
碧桂园西江月,顺庆马市铺果州大道,中层(共29层),
人民花园,顺庆人民花园人民中路,高层(共8层),
南充市人大宿舍,顺庆西门西河中路39号,低层(共7层),
大北街小区,顺庆顺庆五星花园大北街13号-277号,中层(共6层),
蓝润春风屿楠,顺庆恒大绿洲通江大道,低层(共27层),
人民花园,顺庆人民花园人民中路,共5层,
敏捷星汇源著,顺庆市公安局华泰路,低层(共26层),
翡翠城紫金府,"顺庆火车北站潆渟路,近潆华东路",低层(共26层),
瑞露嘉都,顺庆南门坝文峰街二段2号,低层(共16层),
天府明珠,顺庆市政新区滨江北路三段56号,中层(共26层),
佳和名苑,顺庆金鱼岭延安路359号,中层(共7层),
新豪天地,顺庆白土坝白土坝路,中层(共27层),
泰合尚渡,顺庆金鱼岭滨江中路一段97号,低层(共33层),
石油新城东二区,顺庆市政新区镇江东路二段17号,低层(共18层),
恒大绿洲,顺庆恒大绿洲府荆大道南段26号,中层(共32层),
江与城(顺庆),顺庆市政新区清泉寺北路12号,低层(共32层),
春风玫瑰园,顺庆市政新区万年西路93号,高层(共11层),
金科集美天宸(二期),顺庆清泉坝清池路126号,低层(共31层),
农资小区,顺庆西门西河南路,中层(共9层),
江与城(顺庆),顺庆市政新区清泉寺北路12号,中层(共32层),
泰合青年城,顺庆滨江大道胜利路,中层(共33层),
锦上花苑,顺庆市政新区清泉寺南路3号,中层(共11层),
和锦名苑,顺庆市政新区清泉寺南路31号,低层(共11层),
团结示范小区,顺庆人民花园长征路77号附29号,低层(共7层),
蓝光雍锦半岛,顺庆清泉坝澄泉路159号,低层(共33层),
望江阁,顺庆滨江大道天工街61号,高层(共6层),
锦绣华庭(顺庆区),顺庆白土坝华亭路26号,中层(共30层),
蓝光香江国际,顺庆南门坝南门北街80号,中层(共34层),
锦上花苑,顺庆市政新区清泉寺南路3号,中层(共11层),
铁投锦华府,顺庆华凤锦程路108号,高层(共24层),
大进车业宿舍楼,顺庆金鱼岭金鱼岭正街237号,高层(共7层),
蓝光雍锦半岛,顺庆清泉坝澄泉路159号,低层(共11层),
金色太阳城,顺庆西华师大环都大道二段6号,低层(共6层),
北岭颐园南区,顺庆北干道潆华南路二段,低层(共6层),
泰合尚渡,顺庆金鱼岭滨江中路一段97号,中层(共33层),
春风玫瑰园,顺庆市政新区万年西路93号,中层(共11层),
绿地城上海滩花园(三期),顺庆火车北站潆华北路,高层(共25层),
金科集美天宸(一期),顺庆清泉坝清嘉路282号,高层(共32层),
鸿升凯旋城,顺庆滨江大道滨江北路一段,高层(共31层),
蓝润春风屿楠,顺庆恒大绿洲通江大道,低层(共27层),
雅凤小区,顺庆华凤雅凤巷24号,低层(共6层),
仁和春天花园,顺庆华凤潆华南路一段53号,高层(共29层),
蓝光COCO香江,顺庆清泉坝饮泉路36号,高层(共33层),
滨江天地,顺庆市政新区规划八路,高层(共32层),
天府明珠,顺庆市政新区滨江北路三段56号,高层(共18层),
南充恒大中航城,顺庆清泉坝清嘉路168号,高层(共28层),
龙吟水郡,顺庆北干道龙吟路58号,低层(共7层),
六合小区,顺庆顺庆周边延安路86号,中层(共8层),
钰岭锦城,顺庆市政新区潆康东路15号,低层(共21层),
鸿通春天花城,顺庆华凤站前大道一段6号,中层(共11层),
海润滨江,顺庆滨江大道滨江中路一段,中层(共30层),
中南世纪城,顺庆滨江大道清澜路二段1号,低层(共28层),
蓝光COCO香江,顺庆清泉坝饮泉路36号,高层(共33层),
辉宇都市泊岸,顺庆潆溪潆康南路316号,低层(共7层),
铁投锦华府,顺庆华凤锦程路108号,低层(共26层),
锦绣华庭(顺庆区),顺庆白土坝华亭路26号,中层(共27层),
春风玫瑰园,顺庆市政新区万年西路93号,中层(共6层),
睿景湾,顺庆马市铺锦程路258号,中层(共18层),
欧香小镇,顺庆白土坝潆华中路二段429号,中层(共31层),
六合小区,顺庆顺庆周边延安路86号,高层(共6层),
北岭颐园(北区),顺庆白土坝潆华南路2段68号,中层(共6层),
江与城(顺庆),顺庆市政新区清泉寺北路12号,中层(共32层),
惠丰巷小区,顺庆火车站惠丰巷91号,中层(共9层),
中南世纪城,顺庆滨江大道清澜路二段1号,低层(共27层),
滨江天地,顺庆市政新区规划八路,高层(共27层),
天府明珠,顺庆市政新区滨江北路三段56号,中层(共30层),
蓝光雍锦半岛,顺庆清泉坝澄泉路159号,高层(共32层),
恒大中航城(二期),顺庆清泉坝澄泉路,中层(共27层),
天乙华府,顺庆滨江大道滨江中路1段501号,中层(共6层),
清泉小区西区,顺庆市政新区清风北路二段19号,中层(共6层),
蓝光香江国际,顺庆南门坝南门北街80号,中层(共34层),
佳兆业君汇上品,顺庆白土坝白土坝路308号,中层(共33层),
欧香小镇,顺庆白土坝潆华中路二段429号,高层(共29层),
宝信金色广场,顺庆华凤华生西路16号,低层(共30层),
欧香小镇,顺庆白土坝潆华中路二段429号,低层(共31层),
欧香小镇,顺庆白土坝潆华中路二段429号,低层(共6层),
蓝光COCO香江,顺庆清泉坝饮泉路36号,高层(共33层),
滨江学府,顺庆火车站滨江北路一段,低层(共29层),
天乙华府,顺庆滨江大道滨江中路1段501号,中层(共6层),
欧香小镇,顺庆白土坝潆华中路二段429号,低层(共30层),
恒大中航城(二期),顺庆清泉坝澄泉路,高层(共27层),
恒河常春藤大院,顺庆市政新区清风南路10号,高层(共34层),
蓝光香江国际,顺庆南门坝南门北街80号,高层(共34层),
香槟小城(二区),顺庆火车站伍家坡街76号,高层(共11层),
泰合尚渡,顺庆金鱼岭滨江中路一段97号,中层(共32层),
蓝光COCO香江,顺庆清泉坝饮泉路36号,中层(共32层),
恒大中航城(二期),顺庆清泉坝澄泉路,中层(共26层),
绿地城上海滩花园(三期),顺庆火车北站潆华北路,中层(共27层),
蓝光COCO香江,顺庆清泉坝饮泉路36号,高层(共29层),
蓝光香江国际,顺庆南门坝南门北街80号,高层(共34层),
龙吟瑞景,顺庆市政新区镇江西路一段55号,共3层,
绿地城上海滩花园(一区),顺庆火车北站潆华北路一段,低层(共25层),
鸿通春天花城,顺庆华凤站前大道一段6号,低层(共13层),
六合小区,顺庆顺庆周边延安路86号,中层(共8层),
盛世金岭,顺庆马市铺马市铺路153号,高层(共6层),
格兰春天,顺庆南门坝玉带南路二段99号,高层(共6层),
欧香小镇,顺庆白土坝潆华中路二段429号,低层(共6层),
天乙华府,顺庆滨江大道滨江中路1段501号,中层(共6层),
塞维利亚,顺庆市政新区清泉寺北路23号,高层(共10层),
绿地城上海滩花园(一区),顺庆火车北站潆华北路一段,低层(共25层),
泰合尚渡,顺庆金鱼岭滨江中路一段97号,低层(共30层),
尚品观邸,顺庆市政新区镇江西路36号,中层(共27层),
蓝光COCO香江,顺庆清泉坝饮泉路36号,高层(共33层),
绿地城上海滩花园(一区),顺庆火车北站潆华北路一段,高层(共25层),
上城家园,顺庆金鱼岭金鱼岭407号,低层(共6层),
香榭春天(南区),"顺庆金鱼岭正阳东路38号,延安路436号",低层(共6层),
泰合尚渡,顺庆金鱼岭滨江中路一段97号,高层(共31层),
悦中心,顺庆南门坝桑园路38号,高层(共27层),
钰岭锦城,顺庆市政新区潆康东路15号,共5层,
龙吟华城,顺庆金鱼岭龙吟路33号,低层(共6层),
宏宇心悦国际,顺庆市政新区玉秀路11号,低层(共18层),
明宇帝壹家西区,顺庆南门坝文峰街二段87号,中层(共6层),
睿景湾,顺庆马市铺锦程路258号,中层(共6层),
蓝光COCO香江,顺庆清泉坝饮泉路36号,高层(共33层),
祺秀苑石油小区,顺庆滨江大道石油南路174号,高层(共6层),
金科集美天宸(二期),顺庆清泉坝清池路126号,中层(共32层),
香榭春天(南区),"顺庆金鱼岭正阳东路38号,延安路436号",高层(共6层),
中南世纪城,顺庆滨江大道清澜路二段1号,低层(共27层),
鸿通春天花城,顺庆华凤站前大道一段6号,高层(共11层),
印象森林,顺庆市政新区环都大道一段59号,中层(共33层),
香榭春天(南区),"顺庆金鱼岭正阳东路38号,延安路436号",低层(共6层),
金科集美天宸(二期),顺庆清泉坝清池路126号,中层(共31层),
江与城(顺庆),顺庆市政新区清泉寺北路12号,低层(共31层),
蓝光雍锦半岛,顺庆清泉坝澄泉路159号,低层(共27层),
北岭颐园(北区),顺庆白土坝潆华南路2段68号,高层(共6层),
恒河常春藤大院,顺庆市政新区清风南路10号,高层(共34层),
佳信阳光香缇,顺庆市政新区镇江西路二段101号,高层(共6层),
绿地城上海滩花园(一区),顺庆火车北站潆华北路一段,中层(共26层),
滨江首座(顺庆),顺庆滨江大道滨江中路一段407号,高层(共32层),
农机大院,顺庆富春花园西门坝街171号,中层(共7层),
中南世纪城,顺庆滨江大道清澜路二段1号,低层(共28层),
欧香小镇,顺庆白土坝潆华中路二段429号,低层(共32层),
天府明珠,顺庆市政新区滨江北路三段56号,高层(共18层),
左岸枫景,顺庆西山丹桂路28号,高层(共11层),
欧香小镇,顺庆白土坝潆华中路二段429号,低层(共6层),
铁投锦华府,顺庆华凤锦程路108号,低层(共11层),
恒大绿洲,顺庆恒大绿洲府荆大道南段26号,高层(共32层),
佳兆业君汇上品,顺庆白土坝白土坝路308号,中层(共32层),
江天花园B区,顺庆火车站延安路260号,中层(共6层),
水电设计院,顺庆火车站金鱼岭正街42号,低层(共6层),
蓝光COCO香江二期,顺庆清泉坝清池路19号,低层(共32层),
绿地城上海滩花园(一区),顺庆火车北站潆华北路一段,高层(共25层),
春风玫瑰园,顺庆市政新区万年西路93号,低层(共6层),
佳兆业君汇上品,顺庆白土坝白土坝路308号,高层(共32层),
欧香小镇,顺庆白土坝潆华中路二段429号,中层(共33层),
川北农资市场,顺庆火车站稻香路90号,中层(共7层),
领地天屿,顺庆华凤金鱼岭路599号,低层(共24层),
英伦城邦,顺庆白土坝白土坝路288号,高层(共33层),
江与城(顺庆),顺庆市政新区清泉寺北路12号,低层(共24层),
春江花园(顺庆),顺庆滨江大道滨江中路二段249号,中层(共6层),
海润滨江,顺庆滨江大道滨江中路一段,高层(共18层),
铁投锦华府,顺庆华凤锦程路108号,高层(共25层),
江天花园A区,顺庆火车站滨江中路,中层(共6层),
清泉小区东区,顺庆市政新区清风北路二段28号,低层(共6层),
佳兆业君汇上品,顺庆白土坝白土坝路308号,高层(共33层),
蓝光雍锦半岛,顺庆清泉坝澄泉路159号,低层(共7层),
滨江天地,顺庆市政新区规划八路,中层(共32层),
蓝光COCO香江二期,顺庆清泉坝清池路19号,高层(共27层),
天府明珠,顺庆市政新区滨江北路三段56号,低层(共31层),
蓝光COCO香江,顺庆清泉坝饮泉路36号,高层(共24层),
蓝光COCO香江二期,顺庆清泉坝清池路19号,高层(共27层),
英伦城邦,顺庆白土坝白土坝路288号,高层(共33层),
蓝光香江国际,顺庆南门坝南门北街80号,中层(共34层),
蓝光COCO香江,顺庆清泉坝饮泉路36号,高层(共33层),
蓝光雍锦半岛,顺庆清泉坝澄泉路159号,高层(共33层),
蓝光香江国际,顺庆南门坝南门北街80号,高层(共34层),
和锦名苑,顺庆市政新区清泉寺南路31号,中层(共32层),
梧桐苑,顺庆市公安局玉秀路30号,低层(共6层),
城市首座,顺庆火车站金鱼岭路238号,高层(共33层),
锦上花苑,顺庆市政新区清泉寺南路3号,高层(共11层),
博雅豪庭,顺庆白土坝潆华南路二段158号,中层(共25层),
金科集美天宸(一期),顺庆清泉坝清嘉路282号,低层(共32层),
绿地城上海滩花园(一区),顺庆火车北站潆华北路一段,中层(共25层),
城市首座,顺庆火车站金鱼岭路238号,高层(共29层),
天府明珠,顺庆市政新区滨江北路三段56号,低层(共32层),
欧香小镇,顺庆白土坝潆华中路二段429号,低层(共31层),
佳信阳光香缇,顺庆市政新区镇江西路二段101号,高层(共6层),
江天花园B区,顺庆火车站延安路260号,中层(共6层),
佳兆业君汇上品,顺庆白土坝白土坝路308号,中层(共33层),
万事兴小区,顺庆顺庆五星花园人民南路150号,高层(共6层),
天府明珠,顺庆市政新区滨江北路三段56号,高层(共18层),
奔驰苑,顺庆华凤铁欣路26号,低层(共6层),
兰山香榭,顺庆马市铺马市铺路207号,低层(共6层),
绿地城上海滩花园(二区),顺庆火车北站潆华北路二段,低层(共33层),
碧桂园凤栖阁,顺庆北干道金鱼岭路525号,低层(共18层),
敏捷星汇源著,顺庆市公安局华泰路,低层(共18层),
成衣街7号小区,顺庆人民花园成衣街7号,高层(共7层),
石榴紫宸府(别墅),顺庆市公安局潆华南路二段,高层(共6层),
碧桂园凤栖阁,顺庆北干道金鱼岭路525号,低层(共18层),
长征路169号小区,顺庆人民花园长征路169号,低层(共7层),
江天花园B区,顺庆火车站延安路260号,中层(共7层),
绿地城上海滩花园(一区),顺庆火车北站潆华北路一段,高层(共6层),
清泉小区西区,顺庆市政新区清风北路二段19号,中层(共6层),
天府明珠,顺庆市政新区滨江北路三段56号,低层(共31层),
滨江首座(顺庆),顺庆滨江大道滨江中路一段407号,低层(共18层),
圣地华都,顺庆华凤西华路一段40号,中层(共6层),
蓝光COCO香江,顺庆清泉坝饮泉路36号,低层(共24层),
龙吟华城,顺庆金鱼岭龙吟路33号,低层(共6层),
燎原小区,顺庆白土坝西河北路195号,中层(共7层),
川北农资市场,顺庆火车站稻香路90号,低层(共6层),
仁和春天花园,顺庆华凤潆华南路一段53号,共3层,
铁投锦华府,顺庆华凤锦程路108号,中层(共11层),
香榭春天(南区),"顺庆金鱼岭正阳东路38号,延安路436号",中层(共6层),
天府明珠,顺庆市政新区滨江北路三段56号,中层(共32层),
佳兆业君汇上品,顺庆白土坝白土坝路308号,高层(共33层),
瑞露嘉都彼岸,顺庆南门坝文峰街二段33号,中层(共24层),
城市首座,顺庆火车站金鱼岭路238号,高层(共32层),
龙吟锦城,顺庆金鱼岭水郡路41号,中层(共17层),
中南世纪城,顺庆滨江大道清澜路二段1号,低层(共27层),
金鱼岭花园C区,顺庆金鱼岭金鱼街26附15号,低层(共6层),
果城路70号小区,顺庆西华师大果城路70号,中层(共6层),
博雅豪庭,顺庆白土坝潆华南路二段158号,中层(共25层),
碧桂园原树缇香,顺庆恒大绿洲府荆路,高层(共8层),
瑞露嘉都,顺庆南门坝文峰街二段2号,低层(共16层),
蓝光COCO香江二期,顺庆清泉坝清池路19号,低层(共27层),
佳信阳光香缇,顺庆市政新区镇江西路二段101号,中层(共18层),
春风玫瑰园,顺庆市政新区万年西路93号,高层(共6层),
天府明珠,顺庆市政新区滨江北路三段56号,低层(共31层),
金色愿景,顺庆市政新区环都大道二段17号,低层(共6层),
鸿通春天花城,顺庆华凤站前大道一段6号,中层(共11层),
春风玫瑰园,顺庆市政新区万年西路93号,高层(共6层),
佳信阳光香缇,顺庆市政新区镇江西路二段101号,中层(共18层),
华林花园,顺庆马市铺青云路38号,高层(共6层),
蓝光香江国际,顺庆南门坝南门北街80号,中层(共34层),
天乙华府,顺庆滨江大道滨江中路1段501号,高层(共6层),
coco香江三期,顺庆清泉坝清嘉路,高层(共37层),
恒大绿洲,顺庆恒大绿洲府荆大道南段26号,高层(共32层),
泰合尚渡,顺庆金鱼岭滨江中路一段97号,高层(共33层),
滨江首座(顺庆),顺庆滨江大道滨江中路一段407号,中层(共32层),
江天花园B区,顺庆火车站延安路260号,中层(共6层),
海润滨江,顺庆滨江大道滨江中路一段,低层(共25层),
悠山丽景,顺庆华凤潆华南路96号,中层(共15层),
春风玫瑰园,顺庆市政新区万年西路93号,低层(共6层),
泰合尚渡,顺庆金鱼岭滨江中路一段97号,中层(共31层),
北岭颐园东区,顺庆火车站潆华南路二段68号,中层(共17层),
锦城世家,顺庆北干道白土坝路,低层(共17层),
江与城(顺庆),顺庆市政新区清泉寺北路12号,低层(共32层),
蓝光香江国际,顺庆南门坝南门北街80号,高层(共28层),
药业集团有限公司宿舍,顺庆北干道延安路222号,高层(共7层),
香槟小城(二区),顺庆火车站伍家坡街76号,高层(共11层),
春风玫瑰园,顺庆市政新区万年西路93号,低层(共6层),
蓝光COCO香江,顺庆清泉坝饮泉路36号,高层(共21层),
蓝光COCO香江,顺庆清泉坝饮泉路36号,高层(共24层),
蓝光COCO香江二期,顺庆清泉坝清池路19号,高层(共27层),
景上云天,顺庆南门坝福利街33号,高层(共11层),
恒大中航城(二期),顺庆清泉坝澄泉路,中层(共28层),
蓝光香江国际,顺庆南门坝南门北街80号,中层(共34层),
中南尚景阅,顺庆清泉坝惠泉路,低层(共26层),
绸厂中院宿舍,顺庆华凤延安路511号,低层(共6层),
蓝光COCO香江,顺庆清泉坝饮泉路36号,低层(共33层),
尚品观邸,顺庆市政新区镇江西路36号,中层(共33层),
碧桂园原树缇香,顺庆恒大绿洲府荆路,高层(共26层),
佳兆业君汇上品,顺庆白土坝白土坝路308号,中层(共33层),
恒大中航城(二期),顺庆清泉坝澄泉路,低层(共27层),
骏达小区,顺庆顺庆五星花园双福街71号,中层(共7层),
明泰依城郡,顺庆华凤绿地大道一段116号,中层(共26层),
恒河罗曼威森,顺庆华凤北湖路99号,中层(共18层),
蓝光COCO香江,顺庆清泉坝饮泉路36号,低层(共24层),
清泉小区东区,顺庆市政新区清风北路二段28号,中层(共6层),
佳信阳光香缇,顺庆市政新区镇江西路二段101号,中层(共18层),
和平家园,顺庆金鱼岭半环巷103号,中层(共6层),
和锦名苑,顺庆市政新区清泉寺南路31号,低层(共18层),
尚品观邸,顺庆市政新区镇江西路36号,低层(共26层),
绿地城上海滩花园(三期),顺庆火车北站潆华北路,低层(共26层),
南充恒大中航城,顺庆清泉坝清嘉路168号,低层(共27层),
尚水佳苑,顺庆市政新区规划八路,中层(共30层),
紫云巷35号小区,顺庆顺庆五星花园紫云巷35号,中层(共7层),
金科集美天宸(一期),顺庆清泉坝清嘉路282号,低层(共25层),
金玉丽都,顺庆火车站铁欣路308号,高层(共33层),
印象森林,顺庆市政新区环都大道一段59号,中层(共6层),
塞维利亚,顺庆市政新区清泉寺北路23号,高层(共10层),
滨江天地,顺庆市政新区规划八路,高层(共27层),
佳兆业君临,顺庆白土坝凤鸣路18号,高层(共25层),
马电花园,顺庆市政新区滨江北路二段72号,高层(共7层),
锦上花苑,顺庆市政新区清泉寺南路3号,低层(共18层),
绿地城上海滩花园(一区),顺庆火车北站潆华北路一段,低层(共25层),
恒大中航城(二期),顺庆清泉坝澄泉路,高层(共27层),
马电花园,顺庆市政新区滨江北路二段72号,高层(共6层),
龙吟水郡,顺庆北干道龙吟路58号,中层(共6层),
绿地城上海滩花园(一区),顺庆火车北站潆华北路一段,中层(共25层),
恒大中航城(二期),顺庆清泉坝澄泉路,高层(共27层),
绿地城上海滩花园(一区),顺庆火车北站潆华北路一段,低层(共25层),
中南尚景阅,顺庆清泉坝惠泉路,低层(共26层),
蓝光COCO香江二期,顺庆清泉坝清池路19号,低层(共27层),
果山街84号院,顺庆顺庆五星花园果山街84号,共4层,
锦上花苑,顺庆市政新区清泉寺南路3号,低层(共18层),
六合小区,顺庆顺庆周边延安路86号,中层(共8层),
万事兴小区,顺庆顺庆五星花园人民南路150号,中层(共8层),
清泉小区西区,顺庆市政新区清风北路二段19号,中层(共6层),
海润滨江,顺庆滨江大道滨江中路一段,高层(共18层),
鸿通翡翠城檀府,顺庆恒大绿洲通江大道,高层(共33层),
恒大中航城(二期),顺庆清泉坝澄泉路,中层(共27层),
江与城(顺庆),顺庆市政新区清泉寺北路12号,低层(共32层),
金鱼岭花园C区,顺庆金鱼岭金鱼街26附15号,低层(共7层),
中南世纪城,顺庆滨江大道清澜路二段1号,低层(共27层),
塞维利亚,顺庆市政新区清泉寺北路23号,中层(共11层),
欧香小镇,顺庆白土坝潆华中路二段429号,高层(共6层),
金科集美天宸(二期),顺庆清泉坝清池路126号,中层(共31层),
金鱼岭花园C区,顺庆金鱼岭金鱼街26附15号,低层(共6层),
锦上花苑,顺庆市政新区清泉寺南路3号,中层(共18层),
恒河常春藤大院,顺庆市政新区清风南路10号,共5层,
果城路70号小区,顺庆西华师大果城路70号,中层(共6层),
长生巷136号小区,顺庆顺庆五星花园长生巷136号,高层(共9层),
金色愿景,顺庆市政新区环都大道二段17号,低层(共6层),
江与城(顺庆),顺庆市政新区清泉寺北路12号,中层(共32层),
海润滨江,顺庆滨江大道滨江中路一段,低层(共18层),
春风玫瑰园,顺庆市政新区万年西路93号,低层(共6层),
清泉小区东区,顺庆市政新区清风北路二段28号,高层(共6层),
赛场街9号小区,顺庆顺庆五星花园赛场街9号,中层(共6层),
天府北宸悦里,顺庆马市铺马市铺路136号,低层(共11层),
蓝光COCO香江,顺庆清泉坝饮泉路36号,高层(共24层),
金为领地悦城,顺庆马市铺华荣路一段299号,低层(共26层),
鸿升凯旋城,顺庆滨江大道滨江北路一段,高层(共31层),
龙吟水郡,顺庆北干道龙吟路58号,中层(共6层),
中南尚景阅,顺庆清泉坝惠泉路,低层(共24层),
印象森林,顺庆市政新区环都大道一段59号,高层(共6层),
蓝光雍锦半岛,顺庆清泉坝澄泉路159号,高层(共32层),
清泉小区东区,顺庆市政新区清风北路二段28号,高层(共6层),
龙吟华城,顺庆金鱼岭龙吟路33号,低层(共6层),
瑞丰花园,顺庆市政新区清源南路38号,高层(共23层),
鸿通南玺台,顺庆华凤潆华北路一段,中层(共11层),
悦中心,顺庆南门坝桑园路38号,低层(共36层),
明宇帝壹家东区,顺庆南门坝文峰街87号,共5层,
蓝光香江国际,顺庆南门坝南门北街80号,高层(共34层),
泰合尚渡,顺庆金鱼岭滨江中路一段97号,中层(共32层),
尚城明珠小区,顺庆华凤华盛街42号,低层(共6层),
万事兴小区,顺庆顺庆五星花园人民南路150号,高层(共7层),
景上云天,顺庆南门坝福利街33号,高层(共11层),
恒河常春藤大院,顺庆市政新区清风南路10号,高层(共34层),
龙吟华城,顺庆金鱼岭龙吟路33号,低层(共6层),
绿地城上海滩花园(三期),顺庆火车北站潆华北路,高层(共26层),
南充恒大中航城,顺庆清泉坝清嘉路168号,高层(共33层),
清泉小区东区,顺庆市政新区清风北路二段28号,低层(共6层),
大北街163号院,顺庆富春花园大北街163号,高层(共7层),
碧桂园原树缇香,顺庆恒大绿洲府荆路,高层(共27层),
中南世纪城,顺庆滨江大道清澜路二段1号,中层(共27层),
龙吟华城,顺庆金鱼岭龙吟路33号,中层(共6层),
蓝光COCO香江,顺庆清泉坝饮泉路36号,高层(共33层),
蓝光COCO香江,顺庆清泉坝饮泉路36号,低层(共25层),
钰岭锦城,顺庆市政新区潆康东路15号,低层(共18层),
蓝光COCO香江,顺庆清泉坝饮泉路36号,高层(共33层),
蓝光COCO香江,顺庆清泉坝饮泉路36号,低层(共25层),
佳信阳光香缇,顺庆市政新区镇江西路二段101号,高层(共6层),
瑞露嘉都彼岸,顺庆南门坝文峰街二段33号,中层(共16层),
江与城(顺庆),顺庆市政新区清泉寺北路12号,低层(共28层),
莲池路师院宿舍,顺庆北湖公园莲池路135号,高层(共7层),
金科集美天宸(一期),顺庆清泉坝清嘉路282号,低层(共29层),
中南世纪城,顺庆滨江大道清澜路二段1号,高层(共27层),
马电花园,顺庆市政新区滨江北路二段72号,高层(共11层),
阳光家园小区,顺庆华凤延安路,高层(共6层),
左岸枫景,顺庆西山丹桂路28号,高层(共11层),
尚城明珠小区,顺庆华凤华盛街42号,中层(共17层),
绿地城上海滩花园(二区),顺庆火车北站潆华北路二段,高层(共33层),
中南世纪城,顺庆滨江大道清澜路二段1号,低层(共26层),
滨江天地,顺庆市政新区规划八路,低层(共30层),
蓝光香江国际,顺庆南门坝南门北街80号,高层(共41层),
绿地城上海滩花园(一区),顺庆火车北站潆华北路一段,中层(共27层),
蓝光COCO香江,顺庆清泉坝饮泉路36号,中层(共24层),
明宇帝壹家东区,顺庆南门坝文峰街87号,高层(共32层),
瑞露嘉都彼岸,顺庆南门坝文峰街二段33号,中层(共18层),
蓝光香江国际,顺庆南门坝南门北街80号,高层(共34层),
蓝光COCO香江,顺庆清泉坝饮泉路36号,低层(共30层),
美宇凤凰城,顺庆市政新区四海街81号,中层(共28层),
蓝光香江国际,顺庆南门坝南门北街80号,中层(共34层),
泰合尚渡,顺庆金鱼岭滨江中路一段97号,中层(共30层),
南充市人大宿舍,顺庆西门西河中路39号,低层(共7层),
模范街167号小区,顺庆顺庆五星花园模范街167号,高层(共7层),
碧桂园凤栖阁,顺庆北干道金鱼岭路525号,中层(共11层),
金为领地悦城,顺庆马市铺华荣路一段299号,低层(共28层),
成衣街27号小区,顺庆人民花园成衣街27号附1号,中层(共8层),
长征路169号小区,顺庆人民花园长征路169号,低层(共6层),
金鱼街73号小区,顺庆金鱼岭金鱼街73号,中层(共6层),
鸿通翡翠城,顺庆火车北站潆华东路,低层(共26层),
人民南路225号小区,顺庆顺庆五星花园人民南路225号,中层(共8层),
敏捷星汇源著,顺庆市公安局华泰路,中层(共26层),
蓝光COCO香江二期,顺庆清泉坝清池路19号,低层(共27层),
城市首座,顺庆火车站金鱼岭路238号,高层(共32层),
恒大中航城(二期),顺庆清泉坝澄泉路,中层(共27层),
蓝光COCO香江二期,顺庆清泉坝清池路19号,高层(共27层),
佳兆业君汇上品,顺庆白土坝白土坝路308号,高层(共33层),
碧桂园原树缇香,顺庆恒大绿洲府荆路,低层(共26层),
中南尚景阅,顺庆清泉坝惠泉路,中层(共29层),
蓝光雍锦半岛,顺庆清泉坝澄泉路159号,高层(共29层),
悠山丽景,顺庆华凤潆华南路96号,高层(共6层),
蓝光COCO香江二期,顺庆清泉坝清池路19号,低层(共27层),
西河小区,顺庆西山镇泰路135号,中层(共8层),
龙景苑,顺庆北干道华盛街88号,低层(共17层),
鸿通春天花城,顺庆华凤站前大道一段6号,中层(共11层),
滨江天地,顺庆市政新区规划八路,低层(共30层),
佳兆业君临,顺庆白土坝凤鸣路18号,高层(共27层),
恒大中航城(二期),顺庆清泉坝澄泉路,中层(共26层),
和锦名苑,顺庆市政新区清泉寺南路31号,中层(共33层),
绿地城上海滩花园(三期),顺庆火车北站潆华北路,低层(共17层),
恒大中航城(二期),顺庆清泉坝澄泉路,低层(共27层),
恒大中航城(二期),顺庆清泉坝澄泉路,中层(共27层),
佳兆业君临,顺庆白土坝凤鸣路18号,低层(共27层),
鸿通南玺台,顺庆华凤潆华北路一段,中层(共11层),
佳兆业君临,顺庆白土坝凤鸣路18号,中层(共27层),
恒大中航城(二期),顺庆清泉坝澄泉路,高层(共27层),
颐和嘉园东区,顺庆市政新区三元路6号,中层(共6层),
恒大中航城(二期),顺庆清泉坝澄泉路,中层(共27层),
佳兆业君临,顺庆白土坝凤鸣路18号,低层(共25层),
泰合尚渡,顺庆金鱼岭滨江中路一段97号,中层(共32层),
赛场街9号小区,顺庆顺庆五星花园赛场街9号,中层(共9层),
蓝光雍锦半岛,顺庆清泉坝澄泉路159号,高层(共32层),
宇华公寓,顺庆马市铺半边街81号,中层(共18层),
恒大绿洲,顺庆恒大绿洲府荆大道南段26号,低层(共32层),
蓝光COCO香江二期,顺庆清泉坝清池路19号,中层(共28层),
龙吟华城,顺庆金鱼岭龙吟路33号,中层(共6层),
中南世纪城,顺庆滨江大道清澜路二段1号,中层(共27层),
英伦城邦,顺庆白土坝白土坝路288号,中层(共33层),
绿地城上海滩花园(一区),顺庆火车北站潆华北路一段,低层(共25层),
绸厂中院宿舍,顺庆华凤延安路511号,低层(共6层),
海润滨江,顺庆滨江大道滨江中路一段,中层(共18层),
恒大中航城(二期),顺庆清泉坝澄泉路,中层(共28层),
北岭颐园(北区),顺庆白土坝潆华南路2段68号,中层(共6层),
龙川半岛,顺庆西山丹桂路19号,高层(共18层),
金色愿景,顺庆市政新区环都大道二段17号,低层(共6层),
中南世纪城,顺庆滨江大道清澜路二段1号,中层(共27层),
青青佳苑,顺庆南门坝青年街96号,低层(共6层),
望江阁,顺庆滨江大道天工街61号,高层(共7层),
佳信阳光香缇,顺庆市政新区镇江西路二段101号,高层(共6层),
滨江天地,顺庆市政新区规划八路,高层(共30层),
南充公馆,顺庆市政新区万年东路36号,中层(共11层),
金色太阳城,顺庆西华师大环都大道二段6号,低层(共6层),
金鱼岭花园C区,顺庆金鱼岭金鱼街26附15号,低层(共8层),
佳兆业君汇上品,顺庆白土坝白土坝路308号,高层(共32层),
蓝光雍锦半岛,顺庆清泉坝澄泉路159号,低层(共27层),
龙湾凤凰台,顺庆北干道正兴街,高层(共33层),
泰合尚渡,顺庆金鱼岭滨江中路一段97号,中层(共30层),
石油新城东二区,顺庆市政新区镇江东路二段17号,中层(共10层),
蓝光雍锦半岛,顺庆清泉坝澄泉路159号,高层(共6层),
江与城(顺庆),顺庆市政新区清泉寺北路12号,低层(共32层),
佳兆业君汇上品,顺庆白土坝白土坝路308号,高层(共33层),
蓝光COCO香江二期,顺庆清泉坝清池路19号,高层(共27层),
六合小区,顺庆顺庆周边延安路86号,中层(共9层),
川北农资市场,顺庆火车站稻香路90号,低层(共6层),
南充公馆,顺庆市政新区万年东路36号,中层(共11层),
马电花园,顺庆市政新区滨江北路二段72号,低层(共6层),
清泉小区西区,顺庆市政新区清风北路二段19号,中层(共6层),
浪琴海岸,顺庆滨江大道滨江中路一段305号,中层(共31层),
欧香小镇,顺庆白土坝潆华中路二段429号,中层(共32层),
马电花园,顺庆市政新区滨江北路二段72号,低层(共12层),
滨江首座(顺庆),顺庆滨江大道滨江中路一段407号,中层(共32层),
江与城(顺庆),顺庆市政新区清泉寺北路12号,高层(共31层),
南充恒大中航城,顺庆清泉坝清嘉路168号,高层(共33层),
蓝光香江国际,顺庆南门坝南门北街80号,高层(共34层),
宏宇心悦国际,顺庆市政新区玉秀路11号,中层(共23层),
宏凌城市花园,顺庆华凤锦亭路36号,中层(共6层),
蓝光雍锦半岛,顺庆清泉坝澄泉路159号,低层(共33层),
鸿通南玺台,顺庆华凤潆华北路一段,中层(共11层),
海润滨江,顺庆滨江大道滨江中路一段,中层(共26层),
清泉小区东区,顺庆市政新区清风北路二段28号,高层(共6层),
佳信阳光香缇,顺庆市政新区镇江西路二段101号,高层(共6层),
佳兆业君汇上品,顺庆白土坝白土坝路308号,高层(共33层),
锦上花苑,顺庆市政新区清泉寺南路3号,中层(共16层),
恒大中航城(二期),顺庆清泉坝澄泉路,高层(共27层),
印象森林,顺庆市政新区环都大道一段59号,低层(共32层),
中梁壹号院,顺庆清泉坝澄泉路19号,低层(共25层),
蓝光雍锦半岛,顺庆清泉坝澄泉路159号,低层(共33层),
弗莱明戈,顺庆顺庆五星花园合众街86号,中层(共11层),
瑞露嘉都彼岸,顺庆南门坝文峰街二段33号,中层(共24层),
蓝光COCO香江二期,顺庆清泉坝清池路19号,中层(共27层),
蓝光雍锦半岛,顺庆清泉坝澄泉路159号,中层(共31层),
蓝光COCO香江,顺庆清泉坝饮泉路36号,低层(共24层),
锦绣华庭(顺庆区),顺庆白土坝华亭路26号,高层(共30层),
天府明珠,顺庆市政新区滨江北路三段56号,中层(共18层),
海润滨江,顺庆滨江大道滨江中路一段,中层(共33层),
佳兆业君临,顺庆白土坝凤鸣路18号,高层(共28层),
coco香江三期,顺庆清泉坝清嘉路,中层(共37层),
马电花园,顺庆市政新区滨江北路二段72号,低层(共6层),
恒大中航城(二期),顺庆清泉坝澄泉路,高层(共26层),
大北街209号小区,顺庆西门大北街209号,低层(共6层),
蓝光COCO香江二期,顺庆清泉坝清池路19号,低层(共31层),
蓝光香江国际,顺庆南门坝南门北街80号,中层(共34层),
龙吟水郡,顺庆北干道龙吟路58号,中层(共7层),
蓝光COCO香江,顺庆清泉坝饮泉路36号,低层(共26层),
大进车业宿舍楼,顺庆金鱼岭金鱼岭正街237号,中层(共8层),
鸿通春天花城,顺庆华凤站前大道一段6号,中层(共11层),
凤翔新城,顺庆市政新区凤翔路48号,高层(共6层),
蓝光COCO香江,顺庆清泉坝饮泉路36号,高层(共32层),
蓝光雍锦半岛,顺庆清泉坝澄泉路159号,中层(共11层),
金科集美天宸(一期),顺庆清泉坝清嘉路282号,高层(共29层),
美宇凤凰城,顺庆市政新区四海街81号,高层(共26层),
南充恒大中航城,顺庆清泉坝清嘉路168号,低层(共33层),
仪凤街189号小区,顺庆顺庆五星花园仪凤街189号,低层(共6层),
佳兆业君临,顺庆白土坝凤鸣路18号,共2层,
龙吟水郡,顺庆北干道龙吟路58号,低层(共6层),
望泰雅居,顺庆南门坝滨江中路四段350号,低层(共7层),
蓝光雍锦半岛,顺庆清泉坝澄泉路159号,低层(共11层),
天府明珠,顺庆市政新区滨江北路三段56号,中层(共30层),
中南世纪城,顺庆滨江大道清澜路二段1号,中层(共28层),
蓝光香江国际,顺庆南门坝南门北街80号,中层(共34层),
西蜀嘉园,顺庆市政新区锦程路269号,中层(共27层),
颐和嘉园西区,顺庆市政新区三元路19号,中层(共6层),
恒大中航城(二期),顺庆清泉坝澄泉路,中层(共27层),
恒大中航城(二期),顺庆清泉坝澄泉路,低层(共26层),
中梁壹号院,顺庆清泉坝澄泉路19号,中层(共31层),
中南尚景阅,顺庆清泉坝惠泉路,高层(共27层),
鸿通南玺台,顺庆华凤潆华北路一段,低层(共11层),
海润滨江,顺庆滨江大道滨江中路一段,低层(共18层),
蓝光COCO香江,顺庆清泉坝饮泉路36号,低层(共29层),
佳兆业君汇上品,顺庆白土坝白土坝路308号,高层(共33层),
蓝光COCO香江二期,顺庆清泉坝清池路19号,中层(共27层),
瑞露嘉都彼岸,顺庆南门坝文峰街二段33号,低层(共24层),
恒大中航城(二期),顺庆清泉坝澄泉路,低层(共25层),
滨江天地,顺庆市政新区规划八路,中层(共28层),
恒大绿洲,顺庆恒大绿洲府荆大道南段26号,低层(共32层),
绸厂中院宿舍,顺庆华凤延安路511号,低层(共6层),
恒大中航城(二期),顺庆清泉坝澄泉路,低层(共31层),
恒大绿洲,顺庆恒大绿洲府荆大道南段26号,高层(共32层),
金色愿景,顺庆市政新区环都大道二段17号,高层(共23层),
蓝光雍锦半岛,顺庆清泉坝澄泉路159号,低层(共6层),
川北农资市场,顺庆火车站稻香路90号,中层(共7层),
文化路68号小区,顺庆人民花园文化路68号,中层(共6层),
龙吟锦城,顺庆金鱼岭水郡路41号,高层(共16层),
龙吟华城,顺庆金鱼岭龙吟路33号,低层(共6层),
凌凯春天,顺庆市政新区茂源北路173号,低层(共18层),
中梁壹号院,顺庆清泉坝澄泉路19号,低层(共27层),
恒大绿洲,顺庆恒大绿洲府荆大道南段26号,高层(共32层),
恒大中航城(二期),顺庆清泉坝澄泉路,低层(共27层),
明宇帝壹家西区,顺庆南门坝文峰街二段87号,低层(共6层),
蓝光雍锦半岛,顺庆清泉坝澄泉路159号,高层(共32层),
中南世纪城,顺庆滨江大道清澜路二段1号,高层(共26层),
江天花园B区,顺庆火车站延安路260号,中层(共6层),
龙吟水郡,顺庆北干道龙吟路58号,共5层,
蓝光COCO香江二期,顺庆清泉坝清池路19号,高层(共27层),
蓝光雍锦半岛,顺庆清泉坝澄泉路159号,高层(共31层),
绿地城上海滩花园(三期),顺庆火车北站潆华北路,中层(共29层),
蓝光COCO香江二期,顺庆清泉坝清池路19号,高层(共27层),
敏捷星汇源著,顺庆市公安局华泰路,中层(共26层),
长征路169号小区,顺庆人民花园长征路169号,低层(共6层),
合众街23号小区,顺庆顺庆五星花园合众街23号,高层(共8层),
成衣街7号小区,顺庆人民花园成衣街7号,高层(共6层),
敏捷星汇源著,顺庆市公安局华泰路,中层(共27层),
coco香江三期,顺庆清泉坝清嘉路,高层(共37层),
蓝光COCO香江,顺庆清泉坝饮泉路36号,中层(共26层),
香榭春天(南区),"顺庆金鱼岭正阳东路38号,延安路436号",中层(共6层),
科兴印月湾,顺庆潆溪高新大道一段202号,,
宇华公寓,顺庆马市铺半边街81号,低层(共18层),
金鱼岭花园A区,顺庆金鱼岭惠丰巷21号,低层(共7层),
绿地城上海滩花园(三期),顺庆火车北站潆华北路,低层(共27层),
绸厂上院宿舍,顺庆火车站延安路,高层(共6层),
蓝光COCO香江,顺庆清泉坝饮泉路36号,中层(共24层),
博雅豪庭,顺庆白土坝潆华南路二段158号,中层(共28层),
万事兴小区,顺庆顺庆五星花园人民南路150号,中层(共9层),
天府明珠,顺庆市政新区滨江北路三段56号,中层(共19层),
中南世纪城,顺庆滨江大道清澜路二段1号,低层(共27层),
格兰春天,顺庆南门坝玉带南路二段99号,中层(共6层),
柏林春天,顺庆市政新区锦亭路187号,高层(共18层),
和锦名苑,顺庆市政新区清泉寺南路31号,高层(共31层),
石油新城东二区,顺庆市政新区镇江东路二段17号,中层(共11层),
蓝光COCO香江二期,顺庆清泉坝清池路19号,高层(共26层),
滨江天地,顺庆市政新区规划八路,高层(共28层),
香榭春天(南区),"顺庆金鱼岭正阳东路38号,延安路436号",中层(共6层),
尚水佳苑,顺庆市政新区规划八路,高层(共18层),
蓝光香江国际,顺庆南门坝南门北街80号,高层(共33层),
蓝光雍锦半岛,顺庆清泉坝澄泉路159号,低层(共18层),
蓝光COCO香江二期,顺庆清泉坝清池路19号,中层(共26层),
塞维利亚,顺庆市政新区清泉寺北路23号,共5层,
香榭春天(南区),"顺庆金鱼岭正阳东路38号,延安路436号",高层(共6层),
印象森林,顺庆市政新区环都大道一段59号,高层(共6层),
尚水佳苑,顺庆市政新区规划八路,中层(共32层),
蓝光COCO香江,顺庆清泉坝饮泉路36号,中层(共28层),
浪琴海岸,顺庆滨江大道滨江中路一段305号,高层(共18层),
龙吟水郡,顺庆北干道龙吟路58号,中层(共6层),
龙吟锦城,顺庆金鱼岭水郡路41号,高层(共18层),
上城家园,顺庆金鱼岭金鱼岭407号,低层(共7层),
蓝光COCO香江,顺庆清泉坝饮泉路36号,中层(共33层),
滨江首座(顺庆),顺庆滨江大道滨江中路一段407号,中层(共33层),
中南世纪城,顺庆滨江大道清澜路二段1号,低层(共25层),
鸿升西河星宸,顺庆华凤高新大道一段202号,,
和平家园,顺庆金鱼岭半环巷103号,中层(共8层),
玉金假日星城,顺庆火车站铁欣路262号,中层(共6层),
天府明珠,顺庆市政新区滨江北路三段56号,中层(共32层),
印象森林,顺庆市政新区环都大道一段59号,高层(共7层),
和锦名苑,顺庆市政新区清泉寺南路31号,低层(共22层),
中南世纪城,顺庆滨江大道清澜路二段1号,低层(共27层),
敏捷星汇源著,顺庆市公安局华泰路,中层(共25层),
塞维利亚,顺庆市政新区清泉寺北路23号,高层(共6层),
佳家绿城,顺庆北干道石油南路78号,中层(共7层),
颐和嘉园东区,顺庆市政新区三元路6号,中层(共6层),
中南世纪城,顺庆滨江大道清澜路二段1号,低层(共25层),
泰合尚渡,顺庆金鱼岭滨江中路一段97号,中层(共30层),
香榭春天(南区),"顺庆金鱼岭正阳东路38号,延安路436号",高层(共6层),
蓝光雍锦半岛,顺庆清泉坝澄泉路159号,高层(共32层),
左岸枫景,顺庆西山丹桂路28号,中层(共6层),
天乙华府,顺庆滨江大道滨江中路1段501号,中层(共6层),
赛场街9号小区,顺庆顺庆五星花园赛场街9号,高层(共7层),
柏林春天,顺庆市政新区锦亭路187号,中层(共16层),
欧香小镇,顺庆白土坝潆华中路二段429号,中层(共26层),
香槟小城(二区),顺庆火车站伍家坡街76号,高层(共11层),
尚水佳苑,顺庆市政新区规划八路,高层(共18层),
恒大中航城(二期),顺庆清泉坝澄泉路,高层(共28层),
清泉小区东区,顺庆市政新区清风北路二段28号,高层(共6层),
泰合尚渡,顺庆金鱼岭滨江中路一段97号,低层(共27层),
龙吟华城,顺庆金鱼岭龙吟路33号,低层(共6层),
宝信金色广场,顺庆华凤华生西路16号,高层(共32层),
鸿升凯旋城,顺庆滨江大道滨江北路一段,高层(共6层),
金科集美天宸(二期),顺庆清泉坝清池路126号,低层(共31层),
南充公馆,顺庆市政新区万年东路36号,中层(共11层),
佳兆业君临,顺庆白土坝凤鸣路18号,中层(共26层),
印象森林,顺庆市政新区环都大道一段59号,中层(共32层),
龙吟水郡,顺庆北干道龙吟路58号,低层(共6层),
蓝光COCO香江,顺庆清泉坝饮泉路36号,中层(共33层),
龙吟瑞景,顺庆市政新区镇江西路一段55号,共1层,
西江苑,顺庆白土坝月河街29号,低层(共6层),
果城路54号大院,顺庆人民花园果城路54号,中层(共7层),
中南世纪城,顺庆滨江大道清澜路二段1号,高层(共6层),
蓝光COCO香江二期,顺庆清泉坝清池路19号,高层(共25层),
中南尚景阅,顺庆清泉坝惠泉路,高层(共26层),
和锦名苑,顺庆市政新区清泉寺南路31号,中层(共11层),
风神小区,顺庆火车站伍家坡街32号,高层(共8层),
天府明珠,顺庆市政新区滨江北路三段56号,中层(共33层),
蓝光COCO香江二期,顺庆清泉坝清池路19号,低层(共30层),
中南世纪城,顺庆滨江大道清澜路二段1号,中层(共28层),
蓝光雍锦半岛,顺庆清泉坝澄泉路159号,高层(共30层),
中南世纪城,顺庆滨江大道清澜路二段1号,高层(共6层),
仪凤街72号小区,顺庆顺庆五星花园仪凤街72号,高层(共8层),
宏凌城市花园,顺庆华凤锦亭路36号,低层(共15层),
格兰星河湾,顺庆南门坝玉带南路二段139号,中层(共6层),
绸厂中院宿舍,顺庆华凤延安路511号,低层(共7层),
蓝光雍锦半岛,顺庆清泉坝澄泉路159号,中层(共30层),
蓝光COCO香江二期,顺庆清泉坝清池路19号,高层(共29层),
六合小区,顺庆顺庆周边延安路86号,中层(共8层),
海润滨江,顺庆滨江大道滨江中路一段,中层(共28层),
香榭春天(南区),"顺庆金鱼岭正阳东路38号,延安路436号",中层(共6层),
龙吟水郡,顺庆北干道龙吟路58号,高层(共6层),
楠苑翠庭,顺庆西山玉带中路二段77号,高层(共6层),
龙吟水郡,顺庆北干道龙吟路58号,低层(共6层),
中梁壹号院,顺庆清泉坝澄泉路19号,低层(共6层),
金色愿景,顺庆市政新区环都大道二段17号,低层(共6层),
海润滨江,顺庆滨江大道滨江中路一段,中层(共28层),
石榴紫宸府,顺庆华凤潆华南路二段,中层(共26层),
泰合尚渡,顺庆金鱼岭滨江中路一段97号,高层(共32层),
海润滨江,顺庆滨江大道滨江中路一段,中层(共24层),
成衣街27号小区,顺庆人民花园成衣街27号附1号,高层(共7层),
胜利路36号小区,顺庆人民花园胜利路36号,低层(共6层),
清泉小区东区,顺庆市政新区清风北路二段28号,高层(共6层),
西江苑,顺庆白土坝月河街29号,低层(共6层),
海润滨江,顺庆滨江大道滨江中路一段,低层(共18层),
清泉小区东区,顺庆市政新区清风北路二段28号,高层(共6层),
清泉小区东区,顺庆市政新区清风北路二段28号,低层(共6层),
石油新城东二区,顺庆市政新区镇江东路二段17号,中层(共11层),
恒大中航城(二期),顺庆清泉坝澄泉路,中层(共26层),
宏宇心悦国际,顺庆市政新区玉秀路11号,高层(共18层),
蓝光雍锦半岛,顺庆清泉坝澄泉路159号,高层(共33层),
天府明珠,顺庆市政新区滨江北路三段56号,中层(共18层),
恒河罗曼威森,顺庆华凤北湖路99号,中层(共11层),
金色愿景东苑,顺庆市政新区清风北路一段58号,中层(共33层),
和锦名苑,顺庆市政新区清泉寺南路31号,低层(共11层),
龙景苑,顺庆北干道华盛街88号,低层(共6层),
兰山香榭,顺庆马市铺马市铺路207号,低层(共6层),
南充教师进修学校宿舍,顺庆人民花园吉庆巷65号,中层(共6层),
海润滨江,顺庆滨江大道滨江中路一段,中层(共31层),
和锦名苑,顺庆市政新区清泉寺南路31号,中层(共11层),
惠丰巷小区,顺庆火车站惠丰巷91号,中层(共7层),
清泉小区东区,顺庆市政新区清风北路二段28号,低层(共6层),
内然机厂宿舍楼,顺庆金鱼岭延安路398号,中层(共8层),
佳信阳光香缇,顺庆市政新区镇江西路二段101号,高层(共6层),
北岭颐园南区,顺庆北干道潆华南路二段,中层(共6层),
鸿升西河星宸,顺庆华凤高新大道一段202号,,
科兴印月湾,顺庆潆溪高新大道一段202号,,
宝信金色广场,顺庆华凤华生西路16号,低层(共23层),
南充公馆,顺庆市政新区万年东路36号,中层(共11层),
蓝光雍锦半岛,顺庆清泉坝澄泉路159号,中层(共30层),
香榭春天(南区),"顺庆金鱼岭正阳东路38号,延安路436号",中层(共6层),
尚水佳苑,顺庆市政新区规划八路,高层(共23层),
北岭颐园东区,顺庆火车站潆华南路二段68号,高层(共17层),
果城路70号小区,顺庆西华师大果城路70号,中层(共7层),
正大花园,顺庆火车站铁昌路184-186号,中层(共7层),
恒大中航城(二期),顺庆清泉坝澄泉路,低层(共27层),
宝信金色广场,顺庆华凤华生西路16号,低层(共23层),
蓝光雍锦半岛,顺庆清泉坝澄泉路159号,低层(共32层),
科兴印月湾,顺庆潆溪高新大道一段202号,,
蓝光雍锦半岛,顺庆清泉坝澄泉路159号,高层(共32层),
碧桂园原树缇香,顺庆恒大绿洲府荆路,低层(共25层),
蓝光雍锦半岛,顺庆清泉坝澄泉路159号,高层(共31层),
水天阁,顺庆南门坝二道巷18号,高层(共17层),
龙景苑,顺庆北干道华盛街88号,低层(共7层),
圣地华都,顺庆华凤西华路一段40号,低层(共6层),
海润滨江,顺庆滨江大道滨江中路一段,中层(共18层),
恒大中航城(二期),顺庆清泉坝澄泉路,高层(共27层),
天和雅居,顺庆白土坝白土坝路194号,中层(共6层),
绿地城上海滩花园(二区),顺庆火车北站潆华北路二段,高层(共32层),
天乙华府,顺庆滨江大道滨江中路1段501号,中层(共6层),
蓝光雍锦半岛,顺庆清泉坝澄泉路159号,低层(共30层),
成衣街27号小区,顺庆人民花园成衣街27号附1号,高层(共7层),
凤翔新城,顺庆市政新区凤翔路48号,高层(共6层),
锦上花苑,顺庆市政新区清泉寺南路3号,中层(共15层),
天府明珠,顺庆市政新区滨江北路三段56号,高层(共18层),
翠堤雅居,顺庆南门坝南门西街19号,低层(共6层),
锦上花苑,顺庆市政新区清泉寺南路3号,低层(共18层),
瑞丰花园,顺庆市政新区清源南路38号,高层(共26层),
恒大中航城(二期),顺庆清泉坝澄泉路,中层(共27层),
科兴印月湾,顺庆潆溪高新大道一段202号,,
绿地城上海滩花园(二区),顺庆火车北站潆华北路二段,高层(共28层),
金色愿景东苑,顺庆市政新区清风北路一段58号,中层(共33层),
清泉小区东区,顺庆市政新区清风北路二段28号,低层(共6层),
和锦名苑,顺庆市政新区清泉寺南路31号,中层(共11层),
泰合尚渡,顺庆金鱼岭滨江中路一段97号,中层(共32层),
恒大中航城(二期),顺庆清泉坝澄泉路,中层(共27层),
科兴印月湾,顺庆潆溪高新大道一段202号,,
蓝光雍锦半岛,顺庆清泉坝澄泉路159号,高层(共32层),
鸿升西河星宸,顺庆华凤高新大道一段202号,,
香槟小城(一区),顺庆火车站伍家坡街123号,中层(共6层),
蓝光雍锦半岛,顺庆清泉坝澄泉路159号,低层(共6层),
滨江天地,顺庆市政新区规划八路,中层(共28层),
碧桂园原树缇香,顺庆恒大绿洲府荆路,低层(共25层),
蓝光雍锦半岛,顺庆清泉坝澄泉路159号,高层(共33层),
宁安巷278号小区,顺庆北湖公园宁安巷278号,低层(共8层),
香槟小城(一区),顺庆火车站伍家坡街123号,高层(共7层),
天府明珠,顺庆市政新区滨江北路三段56号,低层(共18层),
果城路70号小区,顺庆西华师大果城路70号,中层(共7层),
塞维利亚,顺庆市政新区清泉寺北路23号,高层(共6层),
石油新城东二区,顺庆市政新区镇江东路二段17号,低层(共11层),
恒河常春藤大院,顺庆市政新区清风南路10号,中层(共6层),
南充市税务局职工宿舍,顺庆西门金绩街29号,高层(共7层),
金科集美天宸(一期),顺庆清泉坝清嘉路282号,中层(共32层),
科兴印月湾,顺庆潆溪高新大道一段202号,,
天乙华府,顺庆滨江大道滨江中路1段501号,中层(共7层),
正大花园,顺庆火车站铁昌路184-186号,中层(共6层),
江天花园B区,顺庆火车站延安路260号,中层(共6层),
金鱼岭花园C区,顺庆金鱼岭金鱼街26附15号,低层(共6层),
颐和嘉园东区,顺庆市政新区三元路6号,高层(共6层),
鸿升西河星宸,顺庆华凤高新大道一段202号,,
金科集美天宸(一期),顺庆清泉坝清嘉路282号,高层(共30层),
康路小区,顺庆西门西门坝街183号,中层(共7层),
赛场街9号小区,顺庆顺庆五星花园赛场街9号,中层(共9层),
龙吟华城,顺庆金鱼岭龙吟路33号,中层(共6层),
金科集美天宸(一期),顺庆清泉坝清嘉路282号,中层(共33层),
佳兆业君汇上品,顺庆白土坝白土坝路308号,高层(共33层),
恒河罗曼威森,顺庆华凤北湖路99号,低层(共22层),
江与城(顺庆),顺庆市政新区清泉寺北路12号,高层(共33层),
印象森林,顺庆市政新区环都大道一段59号,高层(共6层),
清泉小区东区,顺庆市政新区清风北路二段28号,低层(共6层),
石榴紫宸府(别墅),顺庆市公安局潆华南路二段,高层(共6层),
鸿通文德中央大境,顺庆市公安局潆华中路二段,高层(共31层),
蓝光COCO香江,顺庆清泉坝饮泉路36号,高层(共33层),
蓝光COCO香江二期,顺庆清泉坝清池路19号,低层(共27层),
蓝光COCO香江二期,顺庆清泉坝清池路19号,低层(共28层),
金色愿景东苑,顺庆市政新区清风北路一段58号,中层(共32层),
金色愿景东苑,顺庆市政新区清风北路一段58号,中层(共33层),
中南世纪城,顺庆滨江大道清澜路二段1号,低层(共25层),
蓝光COCO香江二期,顺庆清泉坝清池路19号,低层(共27层),
蓝光COCO香江,顺庆清泉坝饮泉路36号,低层(共26层),
中南尚景阅,顺庆清泉坝惠泉路,高层(共27层),
蓝光COCO香江二期,顺庆清泉坝清池路19号,低层(共27层),
coco香江三期,顺庆清泉坝清嘉路,高层(共37层),
马电花园,顺庆市政新区滨江北路二段72号,低层(共6层),
境界,顺庆市政新区锦亭路80号,高层(共6层),
蓝光COCO香江,顺庆清泉坝饮泉路36号,高层(共33层),
中南世纪城,顺庆滨江大道清澜路二段1号,低层(共27层),
中南世纪城,顺庆滨江大道清澜路二段1号,中层(共27层),
南充恒大中航城,顺庆清泉坝清嘉路168号,低层(共31层),
英伦城邦,顺庆白土坝白土坝路288号,中层(共33层),
蓝光COCO香江,顺庆清泉坝饮泉路36号,低层(共33层),
金科集美天宸(二期),顺庆清泉坝清池路126号,中层(共31层),
蓝光COCO香江二期,顺庆清泉坝清池路19号,中层(共27层),
科兴印月湾,顺庆潆溪高新大道一段202号,,
恒大中航城(二期),顺庆清泉坝澄泉路,低层(共28层),
蓝光COCO香江,顺庆清泉坝饮泉路36号,低层(共33层),
中南世纪城,顺庆滨江大道清澜路二段1号,低层(共27层),
恒河常春藤大院,顺庆市政新区清风南路10号,高层(共34层),
蓝光COCO香江,顺庆清泉坝饮泉路36号,中层(共27层),
蓝光COCO香江,顺庆清泉坝饮泉路36号,高层(共33层),
中南世纪城,顺庆滨江大道清澜路二段1号,中层(共26层),
南充恒大中航城,顺庆清泉坝清嘉路168号,低层(共31层),
美宇书香蘭庭,顺庆恒大绿洲府荆中路一段19号,低层(共26层),
和锦名苑,顺庆市政新区清泉寺南路31号,高层(共34层),
恒大绿洲,顺庆恒大绿洲府荆大道南段26号,中层(共30层),
铁投锦华府,顺庆华凤锦程路108号,低层(共26层),
恒大中航城(二期),顺庆清泉坝澄泉路,高层(共27层),
南充恒大中航城,顺庆清泉坝清嘉路168号,中层(共31层),
中南世纪城,顺庆滨江大道清澜路二段1号,低层(共27层),
蓝光COCO香江二期,顺庆清泉坝清池路19号,中层(共27层),
鸿通文德中央大境,顺庆市公安局潆华中路二段,低层(共26层),
海润滨江,顺庆滨江大道滨江中路一段,中层(共18层),
海润滨江,顺庆滨江大道滨江中路一段,低层(共18层),
马电花园,顺庆市政新区滨江北路二段72号,低层(共7层),
金科集美天宸(二期),顺庆清泉坝清池路126号,低层(共31层),
恒大中航城(二期),顺庆清泉坝澄泉路,低层(共28层),
恒河常春藤大院,顺庆市政新区清风南路10号,高层(共34层),
铁投锦华府,顺庆华凤锦程路108号,中层(共11层),
鸿通翡翠城檀府,顺庆恒大绿洲通江大道,低层(共11层),
佳兆业君临,顺庆白土坝凤鸣路18号,中层(共27层),
江与城(顺庆),顺庆市政新区清泉寺北路12号,低层(共27层),
滨江天地,顺庆市政新区规划八路,高层(共30层),
蓝光雍锦半岛,顺庆清泉坝澄泉路159号,中层(共33层),
佳兆业君临,顺庆白土坝凤鸣路18号,低层(共11层),
蓝光雍锦半岛,顺庆清泉坝澄泉路159号,低层(共7层),
金科集美天宸(一期),顺庆清泉坝清嘉路282号,低层(共30层),
江与城(顺庆),顺庆市政新区清泉寺北路12号,低层(共27层),
恒大中航城(二期),顺庆清泉坝澄泉路,高层(共27层),
江与城(顺庆),顺庆市政新区清泉寺北路12号,高层(共28层),
恒大中航城(二期),顺庆清泉坝澄泉路,高层(共27层),
佳兆业君临,顺庆白土坝凤鸣路18号,低层(共27层),
佳兆业君汇上品,顺庆白土坝白土坝路308号,高层(共33层),
恒河常春藤大院,顺庆市政新区清风南路10号,高层(共6层),
中梁壹号院,顺庆清泉坝澄泉路19号,低层(共32层),
欧香小镇,顺庆白土坝潆华中路二段429号,低层(共33层),
宏凌城市花园,顺庆华凤锦亭路36号,中层(共7层),
佳兆业君汇上品,顺庆白土坝白土坝路308号,高层(共33层),
蓝光雍锦半岛,顺庆清泉坝澄泉路159号,低层(共6层),
恒大中航城(二期),顺庆清泉坝澄泉路,中层(共27层),
蓝光雍锦半岛,顺庆清泉坝澄泉路159号,低层(共29层),
江与城(顺庆),顺庆市政新区清泉寺北路12号,高层(共27层),
恒大中航城(二期),顺庆清泉坝澄泉路,高层(共31层),
欧香小镇,顺庆白土坝潆华中路二段429号,高层(共31层),
海润滨江,顺庆滨江大道滨江中路一段,低层(共18层),
蓝光香江国际,顺庆南门坝南门北街80号,高层(共41层),
恒大中航城(二期),顺庆清泉坝澄泉路,高层(共27层),
龙吟华城,顺庆金鱼岭龙吟路33号,中层(共7层),
蓝光雍锦半岛,顺庆清泉坝澄泉路159号,高层(共9层),
蓝光雍锦半岛,顺庆清泉坝澄泉路159号,中层(共33层),
恒大中航城(二期),顺庆清泉坝澄泉路,高层(共27层),
恒大绿洲,顺庆恒大绿洲府荆大道南段26号,高层(共32层),
恒河常春藤大院,顺庆市政新区清风南路10号,高层(共34层),
中梁壹号院,顺庆清泉坝澄泉路19号,低层(共6层),
蓝光雍锦半岛,顺庆清泉坝澄泉路159号,低层(共31层),
蓝光雍锦半岛,顺庆清泉坝澄泉路159号,低层(共31层),
马电花园,顺庆市政新区滨江北路二段72号,低层(共6层),
博雅豪庭,顺庆白土坝潆华南路二段158号,中层(共31层),
清泉小区东区,顺庆市政新区清风北路二段28号,高层(共6层),
锦上花苑,顺庆市政新区清泉寺南路3号,低层(共17层),
蓝光COCO香江,顺庆清泉坝饮泉路36号,高层(共33层),
蓝光雍锦半岛,顺庆清泉坝澄泉路159号,高层(共33层),
蓝光雍锦半岛,顺庆清泉坝澄泉路159号,高层(共33层),
滨江天地,顺庆市政新区规划八路,高层(共28层),
恒河常春藤大院,顺庆市政新区清风南路10号,低层(共6层),
佳兆业广场,顺庆滨江大道正阳东路39号,高层(共36层),
中南世纪城,顺庆滨江大道清澜路二段1号,中层(共27层),
中南世纪城,顺庆滨江大道清澜路二段1号,中层(共26层),
锦上花苑,顺庆市政新区清泉寺南路3号,中层(共6层),
恒大中航城(二期),顺庆清泉坝澄泉路,高层(共27层),
蓝光雍锦半岛,顺庆清泉坝澄泉路159号,高层(共33层),
恒大中航城(二期),顺庆清泉坝澄泉路,中层(共27层),
佳兆业君汇上品,顺庆白土坝白土坝路308号,高层(共33层),
恒大绿洲,顺庆恒大绿洲府荆大道南段26号,高层(共32层),
恒大中航城(二期),顺庆清泉坝澄泉路,低层(共27层),
coco香江三期,顺庆清泉坝清嘉路,高层(共37层),
海润滨江,顺庆滨江大道滨江中路一段,高层(共16层),
蓝光香江国际,顺庆南门坝南门北街80号,高层(共34层),
江与城(顺庆),顺庆市政新区清泉寺北路12号,中层(共30层),
蓝光雍锦半岛,顺庆清泉坝澄泉路159号,低层(共28层),
coco香江三期,顺庆清泉坝清嘉路,高层(共37层),
恒大中航城(二期),顺庆清泉坝澄泉路,低层(共27层),
英伦城邦,顺庆白土坝白土坝路288号,高层(共33层),
香榭春天(南区),"顺庆金鱼岭正阳东路38号,延安路436号",低层(共6层),
恒大中航城(二期),顺庆清泉坝澄泉路,低层(共28层),
马电花园,顺庆市政新区滨江北路二段72号,低层(共6层),
和锦名苑,顺庆市政新区清泉寺南路31号,共3层,
蓝光COCO香江二期,顺庆清泉坝清池路19号,高层(共27层),
中南世纪城,顺庆滨江大道清澜路二段1号,低层(共26层),
恒大绿洲,顺庆恒大绿洲府荆大道南段26号,中层(共31层),
滨江天地,顺庆市政新区规划八路,中层(共27层),
恒大中航城(二期),顺庆清泉坝澄泉路,中层(共27层),
城市首座,顺庆火车站金鱼岭路238号,高层(共29层),
恒大中航城(二期),顺庆清泉坝澄泉路,高层(共27层),
龙吟华城,顺庆金鱼岭龙吟路33号,中层(共6层),
蓝光雍锦半岛,顺庆清泉坝澄泉路159号,高层(共7层),
恒大中航城(二期),顺庆清泉坝澄泉路,中层(共27层),
印象森林,顺庆市政新区环都大道一段59号,中层(共32层),
中梁壹号院,顺庆清泉坝澄泉路19号,高层(共32层),
绿地城上海滩花园(二区),顺庆火车北站潆华北路二段,高层(共33层),
蓝光雍锦半岛,顺庆清泉坝澄泉路159号,高层(共6层),
敏捷星汇源著,顺庆市公安局华泰路,中层(共24层),
莲池路师院宿舍,顺庆北湖公园莲池路135号,共5层,
莲池路师院宿舍,顺庆北湖公园莲池路135号,低层(共7层),
莲池路师院宿舍,顺庆北湖公园莲池路135号,高层(共7层),
莲池路师院宿舍,顺庆北湖公园莲池路135号,低层(共7层),
莲池路师院宿舍,顺庆北湖公园莲池路135号,高层(共7层),
莲池路师院宿舍,顺庆北湖公园莲池路135号,共5层,
莲池路师院宿舍,顺庆北湖公园莲池路135号,低层(共7层),
莲池路师院宿舍,顺庆北湖公园莲池路135号,中层(共7层),
莲池路师院宿舍,顺庆北湖公园莲池路135号,高层(共7层),
莲池路师院宿舍,顺庆北湖公园莲池路135号,中层(共7层),
莲池路师院宿舍,顺庆北湖公园莲池路135号,高层(共6层),
莲池路师院宿舍,顺庆北湖公园莲池路135号,低层(共7层),
金科集美天宸(二期),顺庆清泉坝清池路126号,低层(共33层),
莲池路师院宿舍,顺庆北湖公园莲池路135号,高层(共8层),
莲池路师院宿舍,顺庆北湖公园莲池路135号,高层(共7层),
敏捷星汇源著,顺庆市公安局华泰路,低层(共27层),
莲池路师院宿舍,顺庆北湖公园莲池路135号,中层(共7层),
莲池路师院宿舍,顺庆北湖公园莲池路135号,共5层,
南充恒大中航城,顺庆清泉坝清嘉路168号,中层(共31层),
格兰星河湾,顺庆南门坝玉带南路二段139号,高层(共6层),
恒河常春藤大院,顺庆市政新区清风南路10号,低层(共18层),
蓝光COCO香江二期,顺庆清泉坝清池路19号,中层(共30层),
滨江美地,顺庆清泉坝滨江北路一段278号,低层(共6层),
龙吟华城,顺庆金鱼岭龙吟路33号,中层(共6层),
欧香小镇,顺庆白土坝潆华中路二段429号,高层(共32层),
恒大中航城(二期),顺庆清泉坝澄泉路,中层(共26层),
滨江天地,顺庆市政新区规划八路,低层(共31层),
恒大绿洲,顺庆恒大绿洲府荆大道南段26号,中层(共31层),
凯旋帝景,"顺庆滨江大道外小北街17,19号",高层(共26层),
恒河常春藤大院,顺庆市政新区清风南路10号,低层(共6层),
江与城(顺庆),顺庆市政新区清泉寺北路12号,低层(共31层),
滨江天地,顺庆市政新区规划八路,高层(共28层),
瑞地楠郡,顺庆市政新区清泉寺北路216号,低层(共22层),
龙吟华城,顺庆金鱼岭龙吟路33号,中层(共6层),
春风玫瑰园,顺庆市政新区万年西路93号,中层(共11层),
绿地城上海滩花园(三期),顺庆火车北站潆华北路,低层(共27层),
恒大中航城(二期),顺庆清泉坝澄泉路,中层(共26层),
春风玫瑰园,顺庆市政新区万年西路93号,中层(共6层),
宇华公寓,顺庆马市铺半边街81号,低层(共18层),
北岭颐园(北区),顺庆白土坝潆华南路2段68号,中层(共6层),
潆凤花园,顺庆华凤潆华北路,中层(共6层),
马电花园,顺庆市政新区滨江北路二段72号,低层(共26层),
绿地城上海滩花园(一区),顺庆火车北站潆华北路一段,低层(共26层),
长城小区,顺庆火车站和平西路47号,中层(共6层),
香榭春天(南区),"顺庆金鱼岭正阳东路38号,延安路436号",高层(共6层),
佳兆业广场,顺庆滨江大道正阳东路39号,中层(共33层),
尚水佳苑,顺庆市政新区规划八路,低层(共18层),
天地山水,顺庆西山玉桂路2号,中层(共6层),
马电花园,顺庆市政新区滨江北路二段72号,低层(共7层),
石油新城西区,顺庆市政新区镇江东路一段26号,低层(共6层),
辉宇都市泊岸,顺庆潆溪潆康南路316号,低层(共6层),
金色愿景,顺庆市政新区环都大道二段17号,低层(共6层),
coco香江三期,顺庆清泉坝清嘉路,高层(共37层),
龙吟华城,顺庆金鱼岭龙吟路33号,低层(共6层),
欧香小镇,顺庆白土坝潆华中路二段429号,中层(共31层),
佳兆业君汇上品,顺庆白土坝白土坝路308号,高层(共33层),
龙吟瑞景,顺庆市政新区镇江西路一段55号,共4层,
春风玫瑰园,顺庆市政新区万年西路93号,高层(共24层),
金树湾,顺庆市政新区镇江西路二段133号,中层(共18层),
英伦城邦,顺庆白土坝白土坝路288号,高层(共32层),
塞维利亚,顺庆市政新区清泉寺北路23号,低层(共6层),
学府名城,顺庆华凤西华路三段111号,高层(共20层),
蓝光COCO香江二期,顺庆清泉坝清池路19号,低层(共31层),
南充恒大中航城,顺庆清泉坝清嘉路168号,中层(共26层),
龙吟华城,顺庆金鱼岭龙吟路33号,中层(共7层),
江与城(顺庆),顺庆市政新区清泉寺北路12号,中层(共32层),
祥和小区(顺庆),顺庆市政新区镇江东路一段61号,低层(共6层),
江与城(顺庆),顺庆市政新区清泉寺北路12号,高层(共19层),
悠山丽景,顺庆华凤潆华南路96号,中层(共6层),
北岭颐园南区,顺庆北干道潆华南路二段,中层(共6层),
敏捷星汇源著,顺庆市公安局华泰路,中层(共26层),
春风玫瑰园,顺庆市政新区万年西路93号,中层(共6层),
石油新城东二区,顺庆市政新区镇江东路二段17号,低层(共6层),
悠山丽景,顺庆华凤潆华南路96号,中层(共6层),
春风玫瑰园,顺庆市政新区万年西路93号,中层(共24层),
天府明珠,顺庆市政新区滨江北路三段56号,中层(共26层),
丝绸小区(彩龙巷),顺庆顺庆五星花园彩龙巷54号,高层(共7层),
绿地城上海滩花园(二区),顺庆火车北站潆华北路二段,高层(共26层),
天府明珠,顺庆市政新区滨江北路三段56号,中层(共18层),
鸿通春天花城,顺庆华凤站前大道一段6号,低层(共11层),
马电花园,顺庆市政新区滨江北路二段72号,高层(共6层),
恒河常春藤大院,顺庆市政新区清风南路10号,低层(共31层),
领地天屿,顺庆华凤金鱼岭路599号,低层(共29层),
龙吟华城,顺庆金鱼岭龙吟路33号,高层(共11层),
龙吟瑞景,顺庆市政新区镇江西路一段55号,共3层,
天和雅居,顺庆白土坝白土坝路194号,中层(共7层),
西门坝街54号小区,顺庆顺庆五星花园西门坝街54号,中层(共6层),
新豪天地,顺庆白土坝白土坝路,高层(共23层),
绿地城上海滩花园(一区),顺庆火车北站潆华北路一段,中层(共6层),
金树湾,顺庆市政新区镇江西路二段133号,低层(共24层),
潆凤花园,顺庆华凤潆华北路,高层(共11层),
尚水佳苑,顺庆市政新区规划八路,高层(共23层),
敏捷星汇源著,顺庆市公安局华泰路,中层(共28层),
滨江天地,顺庆市政新区规划八路,中层(共30层),
春风玫瑰园,顺庆市政新区万年西路93号,高层(共24层),
恒河常春藤大院,顺庆市政新区清风南路10号,中层(共6层),
赛场街9号小区,顺庆顺庆五星花园赛场街9号,高层(共7层),
果山街84号院,顺庆顺庆五星花园果山街84号,共5层,
塞维利亚,顺庆市政新区清泉寺北路23号,低层(共6层),
春风玫瑰园,顺庆市政新区万年西路93号,低层(共6层),
欧香小镇,顺庆白土坝潆华中路二段429号,共2层,
辉宇都市泊岸,顺庆潆溪潆康南路316号,中层(共26层),
宝信金色广场,顺庆华凤华生西路16号,中层(共32层),
恒河常春藤大院,顺庆市政新区清风南路10号,高层(共34层),
印象森林,顺庆市政新区环都大道一段59号,高层(共6层),
恒大中航城(二期),顺庆清泉坝澄泉路,中层(共26层),
尚水佳苑,顺庆市政新区规划八路,中层(共23层),
春风玫瑰园,顺庆市政新区万年西路93号,高层(共11层),
滨江天地,顺庆市政新区规划八路,中层(共27层),
金树湾,顺庆市政新区镇江西路二段133号,高层(共6层),
金色太阳城,顺庆西华师大环都大道二段6号,低层(共6层),
恒大中航城(二期),顺庆清泉坝澄泉路,高层(共26层),
春风玫瑰园,顺庆市政新区万年西路93号,低层(共18层),
香槟小城(二区),顺庆火车站伍家坡街76号,高层(共10层),
恒大中航城(二期),顺庆清泉坝澄泉路,低层(共26层),
金科集美天宸(二期),顺庆清泉坝清池路126号,中层(共31层),
中南世纪城,顺庆滨江大道清澜路二段1号,低层(共31层),
佳信阳光香缇,顺庆市政新区镇江西路二段101号,高层(共7层),
佳信阳光香缇,顺庆市政新区镇江西路二段101号,高层(共6层),
春风玫瑰园,顺庆市政新区万年西路93号,低层(共10层),
香槟小城(二区),顺庆火车站伍家坡街76号,高层(共11层),
塞维利亚,顺庆市政新区清泉寺北路23号,中层(共10层),
印象森林,顺庆市政新区环都大道一段59号,中层(共32层),
绿地城上海滩花园(二区),顺庆火车北站潆华北路二段,低层(共28层),
果城路31号小区,顺庆人民花园果城路31号,中层(共7层),
佳信阳光香缇,顺庆市政新区镇江西路二段101号,高层(共6层),
金港湾,顺庆华凤凤天路150号,低层(共6层),
北岭颐园(北区),顺庆白土坝潆华南路2段68号,中层(共6层),
人民南路229号小区,顺庆顺庆五星花园人民南路229号,高层(共7层),
金穗苑,顺庆西华师大北湖巷1号,中层(共8层),
蓝光COCO香江,顺庆清泉坝饮泉路36号,高层(共33层),
马电花园,顺庆市政新区滨江北路二段72号,低层(共6层),
恒河常春藤大院,顺庆市政新区清风南路10号,中层(共6层),
锦绣北湖,顺庆北湖公园文化路89号,高层(共32层),
世纪天骄,顺庆华凤师大路一段38号,中层(共19层),
中南世纪城,顺庆滨江大道清澜路二段1号,中层(共27层),
明宇帝壹家西区,顺庆南门坝文峰街二段87号,高层(共11层),
春风玫瑰园,顺庆市政新区万年西路93号,高层(共6层),
南充公馆,顺庆市政新区万年东路36号,高层(共11层),
鸿通南充院子,顺庆华凤佳华路219号,高层(共28层),
天誉栖山府,顺庆马市铺南充市顺庆区金融大道,,
逸城天空之城,顺庆市政新区滨江中路一段442号,,
龙川半岛,顺庆西山丹桂路19号,低层(共18层),
绢纺大院,顺庆华凤宁安巷81号,低层(共7层),
育英路42号小区,顺庆西华师大育英路42号,共5层,
北岭颐园(北区),顺庆白土坝潆华南路2段68号,中层(共8层),
石榴紫宸府(新房),顺庆清泉坝潆华南路一段,,
莲池路85号院,顺庆西华师大莲池路85号,低层(共6层),
潆凤花园,顺庆华凤潆华北路,低层(共27层),
恒河常春藤大院,顺庆市政新区清风南路10号,高层(共6层),
北城御景,顺庆潆溪潆溪街道潆康北路（27路终点站）,,
骏达小区,顺庆顺庆五星花园双福街71号,中层(共6层),
海润滨江,顺庆滨江大道滨江中路一段,高层(共18层),
筑韵丽都花园,顺庆市政新区镇江西路二段173号,低层(共6层),
明宇帝壹家西区,顺庆南门坝文峰街二段87号,低层(共11层),
天誉栖山府,顺庆马市铺南充市顺庆区金融大道,,
科兴印月湾,顺庆潆溪高新大道一段202号,,
逸城天空之城,顺庆市政新区滨江中路一段442号,,
鸿通文德中央大境(新房),顺庆市公安局潆华大道欧香小镇正对面,,
正大花园,顺庆火车站铁昌路184-186号,中层(共7层),
宏顺花园,顺庆西山玉带北路1段-139号,中层(共6层),
锦绣北湖,顺庆北湖公园文化路89号,高层(共32层),
蓝光香江国际,顺庆南门坝南门北街80号,中层(共18层),
金色愿景东苑,顺庆市政新区清风北路一段58号,中层(共26层),
龙湾凤凰台(新房),顺庆市政新区西华路二段南,,
香榭春天(南区),"顺庆金鱼岭正阳东路38号,延安路436号",高层(共6层),
蓝光COCO香江,顺庆清泉坝饮泉路36号,高层(共27层),
辉宇都市泊岸,顺庆潆溪潆康南路316号,高层(共13层),
宁安巷278号小区,顺庆北湖公园宁安巷278号,低层(共8层),
鸿通文德中央大境(新房),顺庆市公安局潆华大道欧香小镇正对面,,
印象森林,顺庆市政新区环都大道一段59号,高层(共6层),
金为领地悦城(新房),顺庆白土坝北部新城果州大道,,
敏捷星汇源著(新房),顺庆市公安局南充市顺庆区华泰路,,
龙川半岛,顺庆西山丹桂路19号,中层(共26层),
辉宇都市泊岸,顺庆潆溪潆康南路316号,低层(共6层),
铁投锦华府,顺庆华凤锦程路108号,中层(共26层),
天誉合府(新房),顺庆南门坝春江路一段139号,,
清泉小区东区,顺庆市政新区清风北路二段28号,低层(共6层),
龙吟华城,顺庆金鱼岭龙吟路33号,高层(共11层),
金为领地悦城(新房),顺庆白土坝北部新城果州大道,,
鸿升西河星宸,顺庆华凤高新大道一段202号,,
上城家园,顺庆金鱼岭金鱼岭407号,中层(共7层),
恒大绿洲,顺庆恒大绿洲府荆大道南段26号,中层(共31层),
丁字街11号院,顺庆顺庆五星花园丁字街11号,低层(共6层),
左岸枫景,顺庆西山丹桂路28号,高层(共11层),
锦绣北湖,顺庆北湖公园文化路89号,高层(共32层),
香意湾,顺庆市政新区镇江东路二段,高层(共6层),
鸿通春天花城,顺庆华凤站前大道一段6号,高层(共11层),
鸿通公园1988(新房),顺庆白土坝金融大道与新城一路交汇处,,
宁安巷278号小区,顺庆北湖公园宁安巷278号,低层(共7层),
马电花园,顺庆市政新区滨江北路二段72号,低层(共6层),
悦府,顺庆南门坝大南街29号,高层(共22层),
江与城(顺庆),顺庆市政新区清泉寺北路12号,低层(共24层),
蓝光香江国际,顺庆南门坝南门北街80号,中层(共34层),
龙湾凤凰台(新房),顺庆市政新区西华路二段南,,
中南世纪城,顺庆滨江大道清澜路二段1号,中层(共28层),
白土坝小区,顺庆华凤师大路376号,中层(共6层),
北岭颐园(北区),顺庆白土坝潆华南路2段68号,中层(共6层),
恒大中航城(二期),顺庆清泉坝澄泉路,低层(共31层),
北岭颐园东区,顺庆火车站潆华南路二段68号,高层(共6层),
中南世纪城,顺庆滨江大道清澜路二段1号,低层(共27层),
鸿升西河星宸,顺庆华凤高新大道一段202号,,
天誉栖山府,顺庆马市铺南充市顺庆区金融大道,,
明宇帝壹家西区,顺庆南门坝文峰街二段87号,低层(共11层),
蓝光COCO香江,顺庆清泉坝饮泉路36号,高层(共33层),
恒大中航城(二期),顺庆清泉坝澄泉路,中层(共30层),
蓝光COCO香江二期,顺庆清泉坝清池路19号,中层(共30层),
格兰星河湾,顺庆南门坝玉带南路二段139号,低层(共6层),
黄桷树小区,顺庆华凤金鱼岭路151号,高层(共9层),
欧香小镇,顺庆白土坝潆华中路二段429号,高层(共26层),
春风玫瑰园,顺庆市政新区万年西路93号,高层(共24层),
睿景湾,顺庆马市铺锦程路258号,中层(共17层),
科华云玺台二期,顺庆市政新区荆溪街道通江东路一段130号,,
和锦名苑,顺庆市政新区清泉寺南路31号,中层(共33层),
佳兆业君临,顺庆白土坝凤鸣路18号,低层(共11层),
石油新城东二区,顺庆市政新区镇江东路二段17号,低层(共12层),
北城御景,顺庆潆溪潆溪街道潆康北路（27路终点站）,,
金色愿景,顺庆市政新区环都大道二段17号,低层(共18层),
瑞露嘉都,顺庆南门坝文峰街二段2号,中层(共11层),
南充恒大中航城,顺庆清泉坝清嘉路168号,低层(共33层),
马电花园,顺庆市政新区滨江北路二段72号,低层(共6层),
中南尚景阅,顺庆清泉坝惠泉路,低层(共32层),
辉宇都市泊岸,顺庆潆溪潆康南路316号,高层(共6层),
龙吟华城,顺庆金鱼岭龙吟路33号,低层(共6层),
川北医学院附属医院住宅小区(金华街),顺庆西门金华街18号,高层(共18层),
裕民苑,顺庆火车北站玉带中路一段99号,中层(共7层),
鸿通公园1988(新房),顺庆白土坝金融大道与新城一路交汇处,,
北岭颐园(北区),顺庆白土坝潆华南路2段68号,高层(共6层),
锦绣北湖,顺庆北湖公园文化路89号,中层(共32层),
龙吟华城,顺庆金鱼岭龙吟路33号,中层(共6层),
天誉栖山府,顺庆马市铺南充市顺庆区金融大道,,
塞维利亚,顺庆市政新区清泉寺北路23号,共5层,
石榴紫宸府(新房),顺庆清泉坝潆华南路一段,,
春风玫瑰园,顺庆市政新区万年西路93号,中层(共11层),
鸿通文德中央大境(新房),顺庆市公安局潆华大道欧香小镇正对面,,
蓝光COCO香江二期,顺庆清泉坝清池路19号,高层(共27层),
钰岭锦城,顺庆市政新区潆康东路15号,中层(共20层),
蓝光COCO香江,顺庆清泉坝饮泉路36号,高层(共33层),
石油新城东二区,顺庆市政新区镇江东路二段17号,高层(共11层),
佳家绿城,顺庆北干道石油南路78号,中层(共6层),
天誉合府(新房),顺庆南门坝春江路一段139号,,
丽景花园,顺庆西山玉带中路一段82号,高层(共6层),
天誉栖山府,顺庆马市铺南充市顺庆区金融大道,,
蓝光雍锦半岛,顺庆清泉坝澄泉路159号,高层(共30层),
尚水佳苑,顺庆市政新区规划八路,低层(共23层),
南充恒大中航城,顺庆清泉坝清嘉路168号,低层(共33层),
明宇帝壹家西区,顺庆南门坝文峰街二段87号,中层(共11层),
泰合尚渡,顺庆金鱼岭滨江中路一段97号,高层(共33层),
江与城(顺庆),顺庆市政新区清泉寺北路12号,低层(共30层),
科兴印月湾,顺庆潆溪高新大道一段202号,,
天誉栖山府,顺庆马市铺南充市顺庆区金融大道,,
欧香小镇,顺庆白土坝潆华中路二段429号,低层(共6层),
石油新城东二区,顺庆市政新区镇江东路二段17号,高层(共11层),
绿地城上海滩花园(一区),顺庆火车北站潆华北路一段,低层(共32层),
碧桂园凤栖阁(新房),顺庆白土坝金鱼岭路（食品药监局旁）,,
蓝光香江国际,顺庆南门坝南门北街80号,低层(共34层),
绿地城上海滩花园(三期),顺庆火车北站潆华北路,中层(共32层),
莲池路师院宿舍,顺庆北湖公园莲池路135号,高层(共8层),
莲池路师院宿舍,顺庆北湖公园莲池路135号,共5层,
莲池路师院宿舍,顺庆北湖公园莲池路135号,中层(共7层),
莲池路师院宿舍,顺庆北湖公园莲池路135号,高层(共6层),
莲池路师院宿舍,顺庆北湖公园莲池路135号,高层(共8层),
莲池路师院宿舍,顺庆北湖公园莲池路135号,中层(共7层),
莲池路师院宿舍,顺庆北湖公园莲池路135号,中层(共6层),
莲池路师院宿舍,顺庆北湖公园莲池路135号,中层(共7层),
莲池路师院宿舍,顺庆北湖公园莲池路135号,低层(共6层),
莲池路师院宿舍,顺庆北湖公园莲池路135号,中层(共7层),
莲池路师院宿舍,顺庆北湖公园莲池路135号,高层(共7层),
莲池路师院宿舍,顺庆北湖公园莲池路135号,高层(共6层),
莲池路师院宿舍,顺庆北湖公园莲池路135号,高层(共7层),
莲池路师院宿舍,顺庆北湖公园莲池路135号,高层(共7层),
莲池路师院宿舍,顺庆北湖公园莲池路135号,中层(共8层),
金为领地悦城(新房),顺庆白土坝北部新城果州大道,,
碧桂园凤栖阁(新房),顺庆白土坝金鱼岭路（食品药监局旁）,,
蓝光雍锦半岛,顺庆清泉坝澄泉路159号,高层(共30层),
恒大中航城(二期),顺庆清泉坝澄泉路,低层(共27层),
金为领地悦城(新房),顺庆白土坝北部新城果州大道,,
蓝光COCO香江二期,顺庆清泉坝清池路19号,高层(共25层),
昌信万卷山河,顺庆华凤南门坝西山西河畔,,
宝信金色广场,顺庆华凤华生西路16号,低层(共19层),
金帝城,顺庆西门西门坝街286号,中层(共9层),
鹏城星座,顺庆南门坝南门西街83号,中层(共18层),
佳信阳光香缇,顺庆市政新区镇江西路二段101号,中层(共6层),
蓝光雍锦半岛,顺庆清泉坝澄泉路159号,高层(共31层),
西门坝街249号院,顺庆西门西门坝街249号,低层(共6层),
恒大中航城(二期),顺庆清泉坝澄泉路,中层(共27层),
科兴印月湾,顺庆潆溪高新大道一段202号,,
佳信阳光香缇,顺庆市政新区镇江西路二段101号,低层(共6层),
恒大中航城(二期),顺庆清泉坝澄泉路,中层(共24层),
蓝光COCO香江二期,顺庆清泉坝清池路19号,高层(共27层),
恒大中航城(二期),顺庆清泉坝澄泉路,低层(共27层),
悠山丽景,顺庆华凤潆华南路96号,高层(共6层),
滨江首座(顺庆),顺庆滨江大道滨江中路一段407号,中层(共32层),
鸿升西河星宸,顺庆华凤高新大道一段202号,,
卡布基诺(一期),顺庆南门坝昌巷5号,中层(共6层),
敏捷星汇源著(新房),顺庆市公安局南充市顺庆区华泰路,,
云岭花园,顺庆华凤群兴东路133号,中层(共6层),
市委机关生活区,顺庆北湖公园北湖路118号,低层(共6层),
恒大中航城(二期),顺庆清泉坝澄泉路,中层(共27层),
碧桂园原树缇香,顺庆恒大绿洲府荆路,低层(共25层),
蓝光COCO香江二期,顺庆清泉坝清池路19号,中层(共30层),
科华云玺台二期,顺庆市政新区荆溪街道通江东路一段130号,,
月亮湾小区,"顺庆火车站丝绸路55号,新月街3号",中层(共6层),
桑园路51号院,顺庆南门坝桑园路51号,高层(共7层),
恒大中航城(二期),顺庆清泉坝澄泉路,低层(共24层),
石榴紫宸府(新房),顺庆清泉坝潆华南路一段,,
龙吟瑞景,顺庆市政新区镇江西路一段55号,中层(共6层),
泰合青年城,顺庆滨江大道胜利路,中层(共31层),
蓝光雍锦半岛,顺庆清泉坝澄泉路159号,低层(共10层),
科华北辰天璞(新房),顺庆白土坝潆华大道青龙山学校旁,,
宁安巷278号小区,顺庆北湖公园宁安巷278号,低层(共7层),
恒大中航城(二期),顺庆清泉坝澄泉路,中层(共27层),
龙湾凤凰台(新房),顺庆市政新区西华路二段南,,
锦上花苑,顺庆市政新区清泉寺南路3号,中层(共18层),
莲池路师院宿舍,顺庆北湖公园莲池路135号,高层(共7层),
恒大中航城(二期),顺庆清泉坝澄泉路,中层(共24层),
莲池路师院宿舍,顺庆北湖公园莲池路135号,高层(共6层),
莲池路师院宿舍,顺庆北湖公园莲池路135号,高层(共8层),
鸿通文德中央大境(新房),顺庆市公安局潆华大道欧香小镇正对面,,
莲池路师院宿舍,顺庆北湖公园莲池路135号,高层(共7层),
coco香江三期,顺庆清泉坝清嘉路,高层(共37层),
莲池路师院宿舍,顺庆北湖公园莲池路135号,高层(共7层),
格兰春天,顺庆南门坝玉带南路二段99号,高层(共7层),
碧桂园凤栖阁(新房),顺庆白土坝金鱼岭路（食品药监局旁）,,
蓝光雍锦半岛,顺庆清泉坝澄泉路159号,低层(共6层),
敏捷星汇源著(新房),顺庆市公安局南充市顺庆区华泰路,,
碧桂园原树缇香,顺庆恒大绿洲府荆路,低层(共26层),
境界,顺庆市政新区锦亭路80号,中层(共10层),
泰合尚渡,顺庆金鱼岭滨江中路一段97号,中层(共31层),
鸿通公园1988(新房),顺庆白土坝金融大道与新城一路交汇处,,
领地天屿,顺庆华凤金鱼岭路599号,低层(共29层),
恒大中航城(二期),顺庆清泉坝澄泉路,中层(共27层),
碧桂园原树缇香,顺庆恒大绿洲府荆路,中层(共8层),
金色愿景,顺庆市政新区环都大道二段17号,高层(共6层),
莲池路师院宿舍,顺庆北湖公园莲池路135号,中层(共8层),
鸿升西河星宸,顺庆华凤高新大道一段202号,,
天誉栖山府,顺庆马市铺南充市顺庆区金融大道,,
科兴印月湾,顺庆潆溪高新大道一段202号,,
龙吟华城,顺庆金鱼岭龙吟路33号,高层(共7层),
文明街101号院,顺庆西门文明街101号,高层(共7层),
蓝光香江国际,顺庆南门坝南门北街80号,中层(共27层),
石榴紫宸府(新房),顺庆清泉坝潆华南路一段,,
金为领地悦城(新房),顺庆白土坝北部新城果州大道,,
左岸枫景,顺庆西山丹桂路28号,高层(共11层),
滨江首座(顺庆),顺庆滨江大道滨江中路一段407号,中层(共29层),
龙吟锦城,顺庆金鱼岭水郡路41号,中层(共17层),
石油新城东二区,顺庆市政新区镇江东路二段17号,低层(共11层),
佳兆业君汇上品,顺庆白土坝白土坝路308号,中层(共30层),
鸿升西河星宸,顺庆华凤高新大道一段202号,,
昌信万卷山河,顺庆华凤南门坝西山西河畔,,
科兴印月湾,顺庆潆溪高新大道一段202号,,
敏捷星汇源著(新房),顺庆市公安局南充市顺庆区华泰路,,
鸿升西河星宸,顺庆华凤高新大道一段202号,,
天誉栖山府,顺庆马市铺南充市顺庆区金融大道,,
上城家园,顺庆金鱼岭金鱼岭407号,低层(共6层),
江与城(顺庆),顺庆市政新区清泉寺北路12号,低层(共32层),
金为领地悦城(新房),顺庆白土坝北部新城果州大道,,
鸿升西河星宸,顺庆华凤高新大道一段202号,,
科华熙和公馆(新房),顺庆火车站南门坝桑园路129号,,
恒大绿洲,顺庆恒大绿洲府荆大道南段26号,高层(共32层),
科兴印月湾,顺庆潆溪高新大道一段202号,,
石油新城东二区,顺庆市政新区镇江东路二段17号,低层(共6层),
金为领地悦城(新房),顺庆白土坝北部新城果州大道,,
果山街84号院,顺庆顺庆五星花园果山街84号,中层(共6层),
龙吟水郡,顺庆北干道龙吟路58号,中层(共6层),
领地蘭台府,顺庆白土坝市茂源南路,,
筑韵丽都花园,顺庆市政新区镇江西路二段173号,低层(共27层),
香槟小城(二区),顺庆火车站伍家坡街76号,高层(共11层),
天誉合府(新房),顺庆南门坝春江路一段139号,,
绢纺大院,顺庆华凤宁安巷81号,高层(共7层),
科兴印月湾,顺庆潆溪高新大道一段202号,,
敏捷星汇源著(新房),顺庆市公安局南充市顺庆区华泰路,,
鸿通公园1988(新房),顺庆白土坝金融大道与新城一路交汇处,,
石榴紫宸府(新房),顺庆清泉坝潆华南路一段,,
科兴印月湾,顺庆潆溪高新大道一段202号,,
祥瑞小区(油院路),顺庆滨江大道油院路41号,低层(共6层),
颐和嘉园东区,顺庆市政新区三元路6号,高层(共6层),
天府明珠,顺庆市政新区滨江北路三段56号,高层(共18层),
龙吟华城,顺庆金鱼岭龙吟路33号,中层(共6层),
龙湾凤凰台(新房),顺庆市政新区西华路二段南,,
领地蘭台府,顺庆白土坝市茂源南路,,
左岸枫景,顺庆西山丹桂路28号,高层(共11层),
鸿通文德中央大境(新房),顺庆市公安局潆华大道欧香小镇正对面,,
科兴印月湾,顺庆潆溪高新大道一段202号,,
优品道珑玺湾(新房),顺庆火车站府荆大道·新南高旁,,
天誉栖山府,顺庆马市铺南充市顺庆区金融大道,,
鸿升西河星宸,顺庆华凤高新大道一段202号,,
科华北辰天璞(新房),顺庆白土坝潆华大道青龙山学校旁,,
蓝光雍锦半岛,顺庆清泉坝澄泉路159号,低层(共32层),
佳家绿城,顺庆北干道石油南路78号,低层(共6层),
鸿通文德中央大境(新房),顺庆市公安局潆华大道欧香小镇正对面,,
科兴印月湾,顺庆潆溪高新大道一段202号,,
香槟小城(一区),顺庆火车站伍家坡街123号,高层(共6层),
五星花园(顺庆),顺庆顺庆五星花园涪江路3号,高层(共8层),
人民花园,顺庆人民花园人民中路,高层(共8层),
新世纪购物广场,顺庆顺庆五星花园人民南路66号,中层(共28层),
西华师大学府花园,顺庆华凤西华路三段13号,高层(共6层),
蓝光COCO香江二期,顺庆清泉坝清池路19号,高层(共27层),
金鱼街117号小区,顺庆西华师大金鱼街117号,中层(共9层),
金鱼街117号小区,顺庆西华师大金鱼街117号,中层(共9层),
五星鼎城,顺庆顺庆五星花园仪凤街17号,中层(共35层),
玉龙小区(一期),顺庆顺庆五星花园科苑街220号,低层(共6层),
铁投锦华府,顺庆华凤锦程路108号,高层(共25层),
铁投锦华府,顺庆华凤锦程路108号,高层(共25层),
古井春天,顺庆金鱼岭延安路393号,低层(共7层),
东方医院家属楼,顺庆华凤大西街241号,共4层,
世纪天骄,顺庆华凤师大路一段38号,中层(共15层),
紫云巷36号小区,顺庆顺庆五星花园紫云巷36号,高层(共8层),
马市铺小区,顺庆华凤文渊街49号,低层(共6层),
体育局宿舍,顺庆北湖公园赛场街51号,高层(共7层),
石油新城东二区,顺庆市政新区镇江东路二段17号,低层(共11层),
滨江天地,顺庆市政新区规划八路,低层(共20层),
文明街101号院,顺庆西门文明街101号,高层(共7层),
绸厂中院宿舍,顺庆华凤延安路511号,地下(共7层),
天府明珠,顺庆市政新区滨江北路三段56号,中层(共18层),
万里小区,顺庆潆溪潆康北路193号,高层(共7层),
果城路31号小区,顺庆人民花园果城路31号,高层(共6层),
西山翠庐,顺庆西山环峰路135号,高层(共6层),
顺庆劳动局宿舍,顺庆北湖公园北湖路240号,高层(共7层),
城市印象,顺庆金鱼岭鱼岭街66号,高层(共6层),
南充一中教师公寓,顺庆华凤慧莲街58号,中层(共7层),
城市印象,顺庆金鱼岭鱼岭街66号,中层(共6层),
城北阳光,顺庆人民花园金鱼岭路402号,高层(共7层),
香意湾,顺庆市政新区镇江东路二段,高层(共6层),
宏凌果城居,顺庆华凤果城路110号,中层(共7层),
弗莱明戈,顺庆顺庆五星花园合众街86号,高层(共11层),
中南世纪城,顺庆滨江大道清澜路二段1号,低层(共26层),
望江阁,顺庆滨江大道天工街61号,高层(共6层),
鸿升凯旋城,顺庆滨江大道滨江北路一段,高层(共6层),
胜利路36号小区,顺庆人民花园胜利路36号,高层(共6层),
人民花园,顺庆人民花园人民中路,中层(共9层),
城北阳光,顺庆人民花园金鱼岭路402号,高层(共7层),
祺秀苑石油小区,顺庆滨江大道石油南路174号,共5层,
果山逸源小区,顺庆南门坝果山街67号,高层(共7层),
海润滨江,顺庆滨江大道滨江中路一段,低层(共25层),
恒大中航城(二期),顺庆清泉坝澄泉路,低层(共27层),
泰合尚渡,顺庆金鱼岭滨江中路一段97号,低层(共33层),
蓝光香江国际,顺庆南门坝南门北街80号,高层(共34层),
麦秀路3号小区,顺庆北湖公园麦秀路3号,高层(共8层),
蓝光雍锦半岛,顺庆清泉坝澄泉路159号,中层(共32层),
丝绸小区(潆康北路),顺庆潆溪潆康北路155号,高层(共7层),
南充恒大中航城,顺庆清泉坝清嘉路168号,高层(共27层),
尚品观邸,顺庆市政新区镇江西路36号,低层(共26层),
潆兴小区,顺庆火车北站群兴东路,低层(共6层),
锦绣花园,顺庆富春花园东风巷40号,高层(共6层),
承龙源,顺庆白土坝华锦路19号,中层(共6层),
明月小区,顺庆人民花园长征路44号,高层(共8层),
和韵名都,顺庆西华师大锦程路99号,高层(共24层),
市监察局小区,顺庆富春花园彩霞巷42号,高层(共7层),
中梁壹号院,顺庆清泉坝澄泉路19号,低层(共33层),
祥和居(顺庆),顺庆顺庆五星花园青年街13号,中层(共9层),
怡和苑石油小区,"顺庆北湖公园西河北路139号,西河北路9号",高层(共7层),
中南世纪城,顺庆滨江大道清澜路二段1号,高层(共27层),
表方街100号院,顺庆西门表方街100号,低层(共8层),
佳兆业广场,顺庆滨江大道正阳东路39号,低层(共33层),
领地天屿,顺庆华凤金鱼岭路599号,低层(共20层),
海润滨江,顺庆滨江大道滨江中路一段,中层(共18层),
海润滨江,顺庆滨江大道滨江中路一段,低层(共25层),
金玉丽都,顺庆火车站铁欣路308号,低层(共29层),
涪江路电力公司小区,顺庆富春花园涪江路196号,中层(共7层),
钟家巷83号小区,顺庆顺庆五星花园钟家巷83号,高层(共7层),
家益江天一色,顺庆人民花园果城路49号,低层(共29层),
凤翔新城,顺庆市政新区凤翔路48号,高层(共6层),
西河北路84号小区,顺庆华凤西河北路84号,高层(共6层),
恒大绿洲,顺庆恒大绿洲府荆大道南段26号,中层(共32层),
香榭春天(南区),"顺庆金鱼岭正阳东路38号,延安路436号",高层(共6层),
长城小区,顺庆火车站和平西路47号,中层(共6层),
天府明珠,顺庆市政新区滨江北路三段56号,高层(共18层),
辉宇都市泊岸,顺庆潆溪潆康南路316号,低层(共7层),
蓝光雍锦半岛,顺庆清泉坝澄泉路159号,中层(共32层),
新风尚,顺庆市政新区锦程路198号,低层(共6层),
恒大中航城(二期),顺庆清泉坝澄泉路,低层(共27层),
果山逸源小区,顺庆南门坝果山街67号,共4层,
江天小区,顺庆火车站西藏路,高层(共6层),
潆兴小区,顺庆火车北站群兴东路,高层(共7层),
奎星苑,顺庆滨江大道奎星巷24号,低层(共6层),
华西大厦,顺庆北干道金鱼岭路332号,高层(共26层),
公交公司宿舍,顺庆北干道和平东路19号,中层(共8层),
恒大中航城(二期),顺庆清泉坝澄泉路,高层(共27层),
南充一中教师公寓,顺庆华凤慧莲街58号,低层(共6层),
金港湾,顺庆华凤凤天路150号,高层(共7层),
半环巷58号住宅楼,顺庆人民花园半环巷58号,高层(共8层),
三鹏公寓,顺庆火车站红花街8号,高层(共8层),
佳兆业君汇上品,顺庆白土坝白土坝路308号,低层(共33层),
丝绸大世界,顺庆北湖公园丝绸路48号,高层(共8层),
泰合尚渡,顺庆金鱼岭滨江中路一段97号,中层(共33层),
恒泰花园,顺庆西山镇泰路126号,中层(共7层),
鸿升凯旋城,顺庆滨江大道滨江北路一段,共5层,
天龙四季花园,顺庆富春花园玉带北路2段-89号,高层(共7层),
新生街小区,顺庆西门新生街,低层(共9层),
金为铂鹭风华,顺庆恒大绿洲府荆大道,高层(共26层),
恒泰花园,顺庆西山镇泰路126号,高层(共7层),
泰合尚渡,顺庆金鱼岭滨江中路一段97号,低层(共33层),
科苑商务公寓,顺庆顺庆五星花园科苑街165号,低层(共9层),
五里公寓,顺庆北干道石油南路165号,高层(共7层),
联科巷23号院,顺庆顺庆五星花园联科巷23号,低层(共6层),
泰合尚渡,顺庆金鱼岭滨江中路一段97号,中层(共30层),
泰合青年城,顺庆滨江大道胜利路,中层(共31层),
悦府,顺庆南门坝大南街29号,低层(共18层),
九道拐小区,顺庆顺庆五星花园滨江中路二段249号,高层(共8层),
什字下街小区,顺庆顺庆五星花园什字下街11号-78号,高层(共9层),
鸿通翡翠城檀府,顺庆恒大绿洲通江大道,高层(共33层),
和韵名都,顺庆西华师大锦程路99号,高层(共24层),
新华小区,顺庆金鱼岭金鱼岭路362号,共5层,
涪江路电力公司小区,顺庆富春花园涪江路196号,中层(共7层),
石油三中队宿舍,顺庆金鱼岭迎凤路128号,中层(共7层),
江天花园A区,顺庆火车站滨江中路,高层(共7层),
碧桂园原树缇香,顺庆恒大绿洲府荆路,高层(共8层),
龙吟锦城,顺庆金鱼岭水郡路41号,中层(共17层),
怡和苑石油小区,"顺庆北湖公园西河北路139号,西河北路9号",高层(共7层),
中梁壹号院,顺庆清泉坝澄泉路19号,低层(共33层),
雅豪大厦,顺庆火车站铁昌路298号,中层(共9层),
金绩街126号院,顺庆白土坝金绩街126号,高层(共8层),
鸿升凯旋城,顺庆滨江大道滨江北路一段,高层(共6层),
嘉陵江航道管理局家属楼,顺庆西华师大果城路119号,中层(共8层),
博雅豪庭,顺庆白土坝潆华南路二段158号,高层(共17层),
春风玫瑰园,顺庆市政新区万年西路93号,低层(共11层),
骏达小区,顺庆顺庆五星花园双福街71号,中层(共9层),
皮革厂还房小区,顺庆北干道铁明路33号,高层(共8层),
市文化局宿舍(顺庆),顺庆富春花园玉带北路一段37号,高层(共8层),
西门旺角,顺庆西门涪江路175号,高层(共7层),
都市福地,顺庆华凤西华路二段43号,高层(共7层),
汇金国际,顺庆白土坝白土坝路239号,中层(共29层),
延安路565号院,顺庆清泉坝延安路565号,高层(共7层),
西河南路70号小区,顺庆北湖公园西河南路70号,高层(共6层),
新风尚,顺庆市政新区锦程路198号,低层(共6层),
金港湾,顺庆华凤凤天路150号,高层(共7层),
蓝光雍锦半岛,顺庆清泉坝澄泉路159号,高层(共31层),
嘉泰小区(A区),顺庆北干道石油西路122号,高层(共8层),
瑞露嘉都,顺庆南门坝文峰街二段2号,中层(共16层),
西蜀嘉园,顺庆市政新区锦程路269号,低层(共27层),
和平东路108号小区,顺庆人民花园和平东路108号,高层(共7层),
泰合尚渡,顺庆金鱼岭滨江中路一段97号,高层(共33层),
瑞露嘉都,顺庆南门坝文峰街二段2号,高层(共11层),
金龙小区,顺庆火车北站潆康南路,中层(共7层),
蓝润春风屿楠,顺庆恒大绿洲通江大道,低层(共28层),
丝绸大世界,顺庆北湖公园丝绸路48号,高层(共8层),
春风玫瑰园,顺庆市政新区万年西路93号,高层(共6层),
情谊文化居,顺庆火车站石油西路,高层(共7层),
中南世纪城,顺庆滨江大道清澜路二段1号,高层(共27层),
瑞丰花园,顺庆市政新区清源南路38号,高层(共29层),
悦府,顺庆南门坝大南街29号,低层(共26层),
恒大绿洲,顺庆恒大绿洲府荆大道南段26号,中层(共32层),
筑韵丽都花园,顺庆市政新区镇江西路二段173号,高层(共6层),
罐头厂小区,顺庆华凤延安路278号,中层(共6层),
华西大厦,顺庆北干道金鱼岭路332号,高层(共26层),
马电花园,顺庆市政新区滨江北路二段72号,低层(共18层),
领地天屿,顺庆华凤金鱼岭路599号,高层(共25层),
恒泰花园,顺庆西山镇泰路126号,中层(共7层),
得泰大市场,顺庆火车站长征路186号,中层(共9层),
中南世纪城,顺庆滨江大道清澜路二段1号,低层(共26层),
辉宇都市泊岸,顺庆潆溪潆康南路316号,高层(共7层),
蓝光雍锦半岛,顺庆清泉坝澄泉路159号,高层(共31层),
中南世纪城,顺庆滨江大道清澜路二段1号,低层(共26层),
罐头厂小区,顺庆华凤延安路278号,高层(共7层),
佳兆业君汇上品,顺庆白土坝白土坝路308号,中层(共33层),
明宇帝壹家东区,顺庆南门坝文峰街87号,高层(共6层),
龙吟水郡,顺庆北干道龙吟路58号,中层(共6层),
三公街110号小区,顺庆人民花园三公街110号,中层(共9层),
和韵名都,顺庆西华师大锦程路99号,高层(共24层),
阳光珑悦台,顺庆华凤锦亭路,低层(共19层),
长城花园,顺庆火车站和平西路47号,高层(共7层),
悦府,顺庆南门坝大南街29号,高层(共22层),
家益江天一色,顺庆人民花园果城路49号,高层(共30层),
市委机关生活区,顺庆北湖公园北湖路118号,高层(共8层),
石油新城东二区,顺庆市政新区镇江东路二段17号,中层(共11层),
泰合尚渡,顺庆金鱼岭滨江中路一段97号,低层(共33层),
西门坝街15号小区,顺庆顺庆五星花园西门坝街15号,高层(共6层),
云岭花园,顺庆华凤群兴东路133号,中层(共6层),
顺庆劳动局宿舍,顺庆北湖公园北湖路240号,中层(共7层),
金鸿城,"顺庆马市铺四海街西段1号,四海西街7号",低层(共26层),
蓝光香江国际,顺庆南门坝南门北街80号,低层(共18层),
环峰公寓,顺庆火车站环峰路176号,高层(共6层),
长城小区,顺庆火车站和平西路47号,高层(共6层),
锦绣北湖,顺庆北湖公园文化路89号,高层(共33层),
怡和苑石油小区,"顺庆北湖公园西河北路139号,西河北路9号",高层(共8层),
弗莱明戈,顺庆顺庆五星花园合众街86号,中层(共9层),
农资小区,顺庆西门西河南路,中层(共9层),
滨江首座(顺庆),顺庆滨江大道滨江中路一段407号,中层(共32层),
瑞地楠郡,顺庆市政新区清泉寺北路216号,中层(共6层),
果山巷1号院,顺庆顺庆五星花园内小北街118号,中层(共8层),
沁园小区(顺庆),顺庆华凤环峰路136号,中层(共8层),
绿地城上海滩花园(二区),顺庆火车北站潆华北路二段,高层(共33层),
泰合尚渡,顺庆金鱼岭滨江中路一段97号,高层(共33层),
九道拐小区,顺庆顺庆五星花园滨江中路二段249号,高层(共8层),
江与城(顺庆),顺庆市政新区清泉寺北路12号,中层(共32层),
凤翔新城,顺庆市政新区凤翔路48号,高层(共7层),
新世纪购物广场,顺庆顺庆五星花园人民南路66号,低层(共31层),
时代主场,顺庆顺庆五星花园科苑街76号,高层(共18层),
顺庆1227,顺庆南门坝大南街29号,低层(共18层),
佳兆业君临,顺庆白土坝凤鸣路18号,低层(共28层),
凌凯春天,顺庆市政新区茂源北路173号,中层(共6层),
铁投锦华府,顺庆华凤锦程路108号,中层(共11层),
铁投锦华府,顺庆华凤锦程路108号,中层(共11层),
佳兆业君汇上品,顺庆白土坝白土坝路308号,高层(共33层),
铁投锦华府,顺庆华凤锦程路108号,高层(共25层),
铁投锦华府,顺庆华凤锦程路108号,中层(共24层),
欧香小镇,顺庆白土坝潆华中路二段429号,低层(共31层),
柏林春天,顺庆市政新区锦亭路187号,中层(共6层),
鸿通南玺台,顺庆华凤潆华北路一段,高层(共11层),
蓝光香江国际,顺庆南门坝南门北街80号,高层(共34层),
鸿升凯旋城,顺庆滨江大道滨江北路一段,中层(共31层),
领地兰台府,顺庆北干道茂源南路118号,中层(共21层),
美宇凤凰城,顺庆市政新区四海街81号,低层(共18层),
云庐,顺庆火车站华生东路98号,中层(共25层),
西蜀嘉园,顺庆市政新区锦程路269号,低层(共27层),
江与城(顺庆),顺庆市政新区清泉寺北路12号,高层(共32层),
境界,顺庆市政新区锦亭路80号,高层(共17层),
恒大绿洲,顺庆恒大绿洲府荆大道南段26号,低层(共32层),
睿景湾,顺庆马市铺锦程路258号,低层(共6层),
恒大绿洲,顺庆恒大绿洲府荆大道南段26号,低层(共32层),
睿景湾,顺庆马市铺锦程路258号,低层(共6层),
睿景湾,顺庆马市铺锦程路258号,低层(共6层),
欧香小镇,顺庆白土坝潆华中路二段429号,低层(共31层),
清泉小区东区,顺庆市政新区清风北路二段28号,中层(共6层),
西蜀嘉园,顺庆市政新区锦程路269号,中层(共26层),
滨江天地,顺庆市政新区规划八路,中层(共28层),
江与城(顺庆),顺庆市政新区清泉寺北路12号,高层(共32层),
蓝光香江国际,顺庆南门坝南门北街80号,中层(共34层),
西蜀嘉园,顺庆市政新区锦程路269号,低层(共27层),
美宇凤凰城,顺庆市政新区四海街81号,低层(共18层),
鸿升凯旋城,顺庆滨江大道滨江北路一段,中层(共31层),
蓝光雍锦半岛,顺庆清泉坝澄泉路159号,中层(共30层),
清泉小区东区,顺庆市政新区清风北路二段28号,低层(共7层),
沁园小区(顺庆),顺庆华凤环峰路136号,中层(共6层),
金鸿城,"顺庆马市铺四海街西段1号,四海西街7号",低层(共18层),
天府明珠,顺庆市政新区滨江北路三段56号,高层(共18层),
碧桂园原树缇香,顺庆恒大绿洲府荆路,低层(共26层),
江与城(顺庆),顺庆市政新区清泉寺北路12号,低层(共32层),
和锦名苑,顺庆市政新区清泉寺南路31号,低层(共33层),
瑞露嘉都彼岸,顺庆南门坝文峰街二段33号,低层(共18层),
新豪天地,顺庆白土坝白土坝路,低层(共27层),
绿地城上海滩花园(一区),顺庆火车北站潆华北路一段,低层(共25层),
西华路三段91号院,顺庆白土坝西华路三段91号,低层(共7层),
境界,顺庆市政新区锦亭路80号,高层(共17层),
米兰阳光(顺庆),顺庆北干道西华路二段38号,高层(共17层),
鸿通春天花城,顺庆华凤站前大道一段6号,高层(共11层),
滨江天地,顺庆市政新区规划八路,中层(共28层),
英伦城邦,顺庆白土坝白土坝路288号,高层(共33层),
滨江天地,顺庆市政新区规划八路,高层(共26层),
滨江天地,顺庆市政新区规划八路,低层(共28层),
宏凌城市花园,顺庆华凤锦亭路36号,高层(共18层),
绿地城上海滩花园(二区),顺庆火车北站潆华北路二段,高层(共33层),
绿地城上海滩花园(二区),顺庆火车北站潆华北路二段,高层(共33层),
龙吟锦城,顺庆金鱼岭水郡路41号,高层(共17层),
恒河常春藤大院,顺庆市政新区清风南路10号,中层(共6层),
天府明珠,顺庆市政新区滨江北路三段56号,中层(共29层),
黄桷树小区,顺庆华凤金鱼岭路151号,中层(共7层),
新风尚,顺庆市政新区锦程路198号,高层(共18层),
石油新城东二区,顺庆市政新区镇江东路二段17号,低层(共11层),
北岭颐园(北区),顺庆白土坝潆华南路2段68号,高层(共6层),
博雅豪庭,顺庆白土坝潆华南路二段158号,高层(共16层),
佳兆业君汇上品,顺庆白土坝白土坝路308号,高层(共33层),
梧桐苑,顺庆市公安局玉秀路30号,低层(共7层),
英伦城邦,顺庆白土坝白土坝路288号,高层(共33层),
绿地城上海滩花园(二区),顺庆火车北站潆华北路二段,中层(共32层),
恒大绿洲,顺庆恒大绿洲府荆大道南段26号,低层(共30层),
清泉小区西区,顺庆市政新区清风北路二段19号,中层(共6层),
鸿升凯旋城,顺庆滨江大道滨江北路一段,中层(共31层),
美宇凤凰城,顺庆市政新区四海街81号,低层(共18层),
金鸿城,"顺庆马市铺四海街西段1号,四海西街7号",低层(共18层),
碧桂园原树缇香,顺庆恒大绿洲府荆路,低层(共26层),
英伦城邦,顺庆白土坝白土坝路288号,高层(共33层),
鸿通春天花城,顺庆华凤站前大道一段6号,高层(共11层),
恒河常春藤大院,顺庆市政新区清风南路10号,中层(共6层),
新风尚,顺庆市政新区锦程路198号,高层(共18层),
石油新城东二区,顺庆市政新区镇江东路二段17号,低层(共11层),
英伦城邦,顺庆白土坝白土坝路288号,高层(共33层),
碧桂园原树缇香,顺庆恒大绿洲府荆路,低层(共26层),
恒河常春藤大院,顺庆市政新区清风南路10号,中层(共6层),
石油新城东二区,顺庆市政新区镇江东路二段17号,低层(共11层),
恒河常春藤大院,顺庆市政新区清风南路10号,中层(共6层),
石油新城东二区,顺庆市政新区镇江东路二段17号,低层(共11层),
明宇帝壹家西区,顺庆南门坝文峰街二段87号,高层(共6层),
英伦城邦,顺庆白土坝白土坝路288号,高层(共33层),
恒大绿洲,顺庆恒大绿洲府荆大道南段26号,中层(共30层),
蓝光香江国际,顺庆南门坝南门北街80号,低层(共41层),
清泉小区西区,顺庆市政新区清风北路二段19号,中层(共7层),
格兰春天,顺庆南门坝玉带南路二段99号,高层(共6层),
云庐,顺庆火车站华生东路98号,低层(共24层),
瑞露嘉都彼岸,顺庆南门坝文峰街二段33号,中层(共22层),
绿地城上海滩花园(二区),顺庆火车北站潆华北路二段,中层(共32层),
鸿通春天花城,顺庆华凤站前大道一段6号,中层(共13层),
悠山丽景,顺庆华凤潆华南路96号,高层(共6层),
北岭颐园东区,顺庆火车站潆华南路二段68号,中层(共18层),
龙吟华城,顺庆金鱼岭龙吟路33号,高层(共11层),
上层上品,顺庆滨江大道滨江中路一段467号,中层(共18层),
泰合尚渡,顺庆金鱼岭滨江中路一段97号,低层(共32层),
石油新城东一区,顺庆市政新区镇江东路二段57号,低层(共6层),
明宇帝壹家东区,顺庆南门坝文峰街87号,高层(共6层),
恒大绿洲,顺庆恒大绿洲府荆大道南段26号,低层(共30层),
碧桂园原树缇香,顺庆恒大绿洲府荆路,中层(共8层),
红叶美庐,顺庆西山环峰路40号,中层(共7层),
印象森林,顺庆市政新区环都大道一段59号,高层(共32层),
中梁壹号院,顺庆清泉坝澄泉路19号,共5层,
恒大绿洲,顺庆恒大绿洲府荆大道南段26号,高层(共32层),
明宇帝壹家东区,顺庆南门坝文峰街87号,高层(共6层),
仁和春天花园,顺庆华凤潆华南路一段53号,中层(共29层),
家益江畔春色,顺庆北干道石油南路,中层(共18层),
金为铂鹭风华,顺庆恒大绿洲府荆大道,低层(共32层),
鸿通春天花城,顺庆华凤站前大道一段6号,中层(共11层),
颐和嘉园东区,顺庆市政新区三元路6号,中层(共6层),
蓝光香江国际,顺庆南门坝南门北街80号,中层(共34层),
春风玫瑰园,顺庆市政新区万年西路93号,高层(共11层),
清泉小区西区,顺庆市政新区清风北路二段19号,低层(共6层),
格兰春天,顺庆南门坝玉带南路二段99号,中层(共7层),
蓝光香江国际,顺庆南门坝南门北街80号,中层(共41层),
博雅豪庭,顺庆白土坝潆华南路二段158号,高层(共16层),
宝信金色广场,顺庆华凤华生西路16号,中层(共32层),
江与城(顺庆),顺庆市政新区清泉寺北路12号,高层(共32层),
春风玫瑰园,顺庆市政新区万年西路93号,低层(共6层),
蓝光香江国际,顺庆南门坝南门北街80号,低层(共34层),
中南世纪城,顺庆滨江大道清澜路二段1号,中层(共27层),
龙吟锦城,顺庆金鱼岭水郡路41号,高层(共17层),
西蜀嘉园,顺庆市政新区锦程路269号,高层(共29层),
睿景湾,顺庆马市铺锦程路258号,高层(共18层),
碧桂园原树缇香,顺庆恒大绿洲府荆路,中层(共26层),
金为铂鹭风华,顺庆恒大绿洲府荆大道,中层(共32层),
绿地城上海滩花园(二区),顺庆火车北站潆华北路二段,中层(共32层),
石油新城东一区,顺庆市政新区镇江东路二段57号,低层(共6层),
中南世纪城,顺庆滨江大道清澜路二段1号,中层(共27层),
恒大绿洲,顺庆恒大绿洲府荆大道南段26号,低层(共30层),
英伦城邦,顺庆白土坝白土坝路288号,高层(共33层),
颐和嘉园东区,顺庆市政新区三元路6号,中层(共6层),
北岭颐园东区,顺庆火车站潆华南路二段68号,中层(共18层),
上层上品,顺庆滨江大道滨江中路一段467号,中层(共18层),
蓝光香江国际,顺庆南门坝南门北街80号,中层(共41层),
蓝光香江国际,顺庆南门坝南门北街80号,低层(共41层),
蓝光香江国际,顺庆南门坝南门北街80号,低层(共34层),
颐和嘉园东区,顺庆市政新区三元路6号,中层(共6层),
蓝光香江国际,顺庆南门坝南门北街80号,中层(共41层),
蓝光香江国际,顺庆南门坝南门北街80号,低层(共34层),
蓝光香江国际,顺庆南门坝南门北街80号,低层(共34层),
明宇帝壹家西区,顺庆南门坝文峰街二段87号,高层(共6层),
明宇帝壹家东区,顺庆南门坝文峰街87号,高层(共6层),
博雅豪庭,顺庆白土坝潆华南路二段158号,高层(共16层),
名洲嘉园,顺庆北干道石油西路214号,高层(共8层),
蓝光香江国际,顺庆南门坝南门北街80号,中层(共34层),
左岸枫景,顺庆西山丹桂路28号,高层(共9层),
滨江首座(顺庆),顺庆滨江大道滨江中路一段407号,高层(共32层),
颐和嘉园东区,顺庆市政新区三元路6号,中层(共6层),
蓝光香江国际,顺庆南门坝南门北街80号,中层(共41层),
石油新城东二区,顺庆市政新区镇江东路二段17号,中层(共11层),
宏凌城市花园,顺庆华凤锦亭路36号,中层(共6层),
碧桂园原树缇香,顺庆恒大绿洲府荆路,中层(共26层),
云庐,顺庆火车站华生东路98号,低层(共24层),
蓝光香江国际,顺庆南门坝南门北街80号,低层(共28层),
瑞露嘉都彼岸,顺庆南门坝文峰街二段33号,低层(共30层),
天龙四季花园,顺庆富春花园玉带北路2段-89号,中层(共7层),
敏捷星汇源著,顺庆市公安局华泰路,中层(共27层),
颐和嘉园西区,顺庆市政新区三元路19号,低层(共7层),
颐和嘉园西区,顺庆市政新区三元路19号,低层(共6层),
恒河常春藤大院,顺庆市政新区清风南路10号,中层(共6层),
人民花园,顺庆人民花园人民中路,中层(共8层),
江与城(顺庆),顺庆市政新区清泉寺北路12号,高层(共19层),
雅凤小区,顺庆华凤雅凤巷24号,高层(共8层),
西华师范大学(华凤校区)教师公寓,顺庆火车站彩虹大道一段,高层(共6层),
沁园小区(顺庆),顺庆华凤环峰路136号,中层(共8层),
文华巷47号小区,顺庆人民花园文华巷47号,中层(共6层),
平城街68号小区,顺庆人民花园平城街68号,中层(共8层),
潆兴小区,顺庆火车北站群兴东路,中层(共6层),
南充汽配城,顺庆金鱼岭金鱼岭路670号,高层(共7层),
世纪天骄,顺庆华凤师大路一段38号,中层(共6层),
金穗苑,顺庆西华师大北湖巷1号,高层(共9层),
果城路31号小区,顺庆人民花园果城路31号,共2层,
人民花园,顺庆人民花园人民中路,高层(共7层),
恒大绿洲,顺庆恒大绿洲府荆大道南段26号,共1层,
蓝光香江国际,顺庆南门坝南门北街80号,高层(共34层),
蓝光COCO香江二期,顺庆清泉坝清池路19号,中层(共27层),
恒大绿洲,顺庆恒大绿洲府荆大道南段26号,高层(共30层),
红叶美庐,顺庆西山环峰路40号,中层(共7层),
明宇帝壹家东区,顺庆南门坝文峰街87号,中层(共6层),
英伦城邦,顺庆白土坝白土坝路288号,高层(共33层),
恒河常春藤大院,顺庆市政新区清风南路10号,中层(共6层),
龙吟锦城,顺庆金鱼岭水郡路41号,高层(共17层),
明宇帝壹家东区,顺庆南门坝文峰街87号,高层(共6层),
鸿通春天花城,顺庆华凤站前大道一段6号,低层(共11层),
骏达小区,顺庆顺庆五星花园双福街71号,高层(共7层),
龙吟华城,顺庆金鱼岭龙吟路33号,低层(共6层),
南洋花园,顺庆火车站铁欣路79号,高层(共8层),
宏凌城市花园,顺庆华凤锦亭路36号,中层(共6层),
明宇帝壹家西区,顺庆南门坝文峰街二段87号,高层(共6层),
左岸枫景,顺庆西山丹桂路28号,高层(共9层),
明宇帝壹家东区,顺庆南门坝文峰街87号,高层(共6层),
石油新城东二区,顺庆市政新区镇江东路二段17号,中层(共11层),
颐和嘉园东区,顺庆市政新区三元路6号,中层(共6层),
龙吟锦城,顺庆金鱼岭水郡路41号,高层(共17层),
北湖巷65号院,顺庆西华师大北湖巷65号,高层(共9层),
蓝光香江国际,顺庆南门坝南门北街80号,高层(共34层),
蓝光COCO香江二期,顺庆清泉坝清池路19号,中层(共27层),
恒大绿洲,顺庆恒大绿洲府荆大道南段26号,高层(共30层),
宏凌城市花园,顺庆华凤锦亭路36号,中层(共6层),
蓝光香江国际,顺庆南门坝南门北街80号,高层(共34层),
格兰星河湾,顺庆南门坝玉带南路二段139号,高层(共6层),
格兰春天,顺庆南门坝玉带南路二段99号,高层(共6层),
金鱼岭花园A区,顺庆金鱼岭惠丰巷21号,高层(共7层),
西蜀嘉园,顺庆市政新区锦程路269号,中层(共27层),
尚水佳苑,顺庆市政新区规划八路,低层(共18层),
春风玫瑰园,顺庆市政新区万年西路93号,低层(共11层),
颐和嘉园东区,顺庆市政新区三元路6号,中层(共6层),
清泉小区东区,顺庆市政新区清风北路二段28号,中层(共6层),
铁投锦华府,顺庆华凤锦程路108号,中层(共11层),
铁投锦华府,顺庆华凤锦程路108号,低层(共11层),
尚品观邸,顺庆市政新区镇江西路36号,中层(共32层),
敏捷星汇源著,顺庆市公安局华泰路,低层(共27层),
恒大绿洲,顺庆恒大绿洲府荆大道南段26号,低层(共32层),
绿地城上海滩花园(二区),顺庆火车北站潆华北路二段,低层(共33层),
宏凌城市花园,顺庆华凤锦亭路36号,高层(共6层),
滨江天地,顺庆市政新区规划八路,低层(共28层),
金色愿景,顺庆市政新区环都大道二段17号,高层(共7层),
博雅豪庭,顺庆白土坝潆华南路二段158号,中层(共15层),
天府明珠,顺庆市政新区滨江北路三段56号,中层(共18层),
领地兰台府,顺庆北干道茂源南路118号,中层(共21层),
石油新城东二区,顺庆市政新区镇江东路二段17号,中层(共11层),
绿地城上海滩花园(一区),顺庆火车北站潆华北路一段,高层(共7层),
绿地城上海滩花园(二区),顺庆火车北站潆华北路二段,高层(共33层),
柏林春天,顺庆市政新区锦亭路187号,中层(共17层),
恒大绿洲,顺庆恒大绿洲府荆大道南段26号,低层(共32层),
宏宇心悦国际,顺庆市政新区玉秀路11号,高层(共18层),
春风玫瑰园,顺庆市政新区万年西路93号,中层(共6层),
绿地城上海滩花园(二区),顺庆火车北站潆华北路二段,中层(共26层),
西蜀嘉园,顺庆市政新区锦程路269号,高层(共27层),
碧桂园原树缇香,顺庆恒大绿洲府荆路,低层(共26层),
欧香小镇,顺庆白土坝潆华中路二段429号,低层(共7层),
和锦名苑,顺庆市政新区清泉寺南路31号,低层(共11层),
清泉小区东区,顺庆市政新区清风北路二段28号,低层(共6层),
绿地城上海滩花园(二区),顺庆火车北站潆华北路二段,低层(共26层),
新豪天地,顺庆白土坝白土坝路,低层(共27层),
西蜀嘉园,顺庆市政新区锦程路269号,低层(共27层),
泰合尚渡,顺庆金鱼岭滨江中路一段97号,高层(共30层),
马电花园,顺庆市政新区滨江北路二段72号,共3层,
梧桐苑,顺庆市公安局玉秀路30号,高层(共7层),
马电花园,顺庆市政新区滨江北路二段72号,中层(共6层),
世纪天骄,顺庆华凤师大路一段38号,中层(共15层),
宏宇心悦国际,顺庆市政新区玉秀路11号,中层(共18层),
西蜀嘉园,顺庆市政新区锦程路269号,中层(共27层),
汇金国际,顺庆白土坝白土坝路239号,高层(共29层),
莲池路师院宿舍,顺庆北湖公园莲池路135号,中层(共7层),
尚水佳苑,顺庆市政新区规划八路,中层(共23层),
金色愿景东苑,顺庆市政新区清风北路一段58号,中层(共33层),
人民花园,顺庆人民花园人民中路,高层(共8层),
人民花园,顺庆人民花园人民中路,高层(共8层),
佳兆业广场,顺庆滨江大道正阳东路39号,低层(共36层),
恒大中航城(二期),顺庆清泉坝澄泉路,中层(共27层),
龙川半岛,顺庆西山丹桂路19号,中层(共27层),
锦城世家,顺庆北干道白土坝路,中层(共17层),
金为领地悦城,顺庆马市铺华荣路一段299号,中层(共33层),
清泉小区东区,顺庆市政新区清风北路二段28号,低层(共6层),
尚品观邸,顺庆市政新区镇江西路36号,中层(共32层),
欧香小镇,顺庆白土坝潆华中路二段429号,低层(共7层),
马电花园,顺庆市政新区滨江北路二段72号,中层(共6层),
清泉小区东区,顺庆市政新区清风北路二段28号,低层(共6层),
尚品观邸,顺庆市政新区镇江西路36号,中层(共32层),
佳兆业广场,顺庆滨江大道正阳东路39号,低层(共36层),
金为领地悦城,顺庆马市铺华荣路一段299号,中层(共33层),
龙湾凤凰台,顺庆北干道正兴街,高层(共6层),
碧桂园原树缇香,顺庆恒大绿洲府荆路,中层(共11层),
春风玫瑰园,顺庆市政新区万年西路93号,低层(共6层),
中梁壹号院,顺庆清泉坝澄泉路19号,共3层,
鸿通文德中央大境,顺庆市公安局潆华中路二段,低层(共28层),
博雅豪庭,顺庆白土坝潆华南路二段158号,中层(共25层),
天空之城,顺庆清泉坝滨江中路一段442号,低层(共33层),
颐和嘉园西区,顺庆市政新区三元路19号,低层(共6层),
云庐,顺庆火车站华生东路98号,高层(共25层),
辉宇都市泊岸,顺庆潆溪潆康南路316号,低层(共7层),
敏捷星汇源著,顺庆市公安局华泰路,中层(共26层),
塞维利亚,顺庆市政新区清泉寺北路23号,低层(共6层),
石榴紫宸府,顺庆华凤潆华南路二段,中层(共30层),
马电花园,顺庆市政新区滨江北路二段72号,低层(共18层),
恒河常春藤大院,顺庆市政新区清风南路10号,高层(共34层),
恒河常春藤大院,顺庆市政新区清风南路10号,中层(共34层),
龙湾凤凰台,顺庆北干道正兴街,中层(共30层),
科华云玺台,顺庆恒大绿洲府荆大道,中层(共24层),
鸿通翡翠城,顺庆火车北站潆华东路,低层(共28层),
碧桂园西江月,顺庆马市铺果州大道,低层(共26层),
杨家巷47号小区,顺庆人民花园杨家巷47号,低层(共6层),
宏凌城市花园,顺庆华凤锦亭路36号,高层(共18层),
南充恒大中航城,顺庆清泉坝清嘉路168号,低层(共32层),
金科集美天宸(一期),顺庆清泉坝清嘉路282号,中层(共29层),
海润滨江,顺庆滨江大道滨江中路一段,高层(共30层),
龙川半岛,顺庆西山丹桂路19号,中层(共31层),
鸿通公园1988,顺庆马市铺新城一路,低层(共31层),
蓝润春风屿楠,顺庆恒大绿洲通江大道,中层(共28层),
蓝润春风屿楠,顺庆恒大绿洲通江大道,中层(共26层),
铁投锦华府,顺庆华凤锦程路108号,低层(共24层),
尚品观邸,顺庆市政新区镇江西路36号,高层(共27层),
鸿通公园1988,顺庆马市铺新城一路,低层(共24层),
鸿通公园1988,顺庆马市铺新城一路,低层(共33层),
佳信阳光香缇,顺庆市政新区镇江西路二段101号,高层(共18层),
金科集美天宸(二期),顺庆清泉坝清池路126号,中层(共28层),
瑞地楠郡,顺庆市政新区清泉寺北路216号,中层(共6层),
科华北辰天璞,顺庆火车北站潆华北路二段,中层(共10层),
鸿通文德中央大境,顺庆市公安局潆华中路二段,中层(共26层),
海润滨江,顺庆滨江大道滨江中路一段,中层(共29层),
敏捷星汇源著,顺庆市公安局华泰路,低层(共28层),
鸿通文德中央大境,顺庆市公安局潆华中路二段,低层(共27层),
颐和嘉园东区,顺庆市政新区三元路6号,中层(共6层),
恒大绿洲,顺庆恒大绿洲府荆大道南段26号,高层(共32层),
科华云玺台,顺庆恒大绿洲府荆大道,中层(共25层),
欧香小镇,顺庆白土坝潆华中路二段429号,低层(共6层),
仁和春天花园,顺庆华凤潆华南路一段53号,低层(共31层),
辉宇都市泊岸,顺庆潆溪潆康南路316号,低层(共7层),
金为领地悦城,顺庆马市铺华荣路一段299号,中层(共26层),
颐和嘉园东区,顺庆市政新区三元路6号,中层(共6层),
金色愿景东苑,顺庆市政新区清风北路一段58号,中层(共6层),
鸿通公园1988,顺庆马市铺新城一路,低层(共32层),
泰合青年城,顺庆滨江大道胜利路,高层(共20层),
鸿通文德中央大境,顺庆市公安局潆华中路二段,中层(共26层),
美宇书香蘭庭,顺庆恒大绿洲府荆中路一段19号,低层(共18层),
鸿通翡翠城,顺庆火车北站潆华东路,中层(共17层),
天誉原著,顺庆马市铺新城一路,高层(共11层),
科华云玺台,顺庆恒大绿洲府荆大道,中层(共26层),
敏捷星汇源著,顺庆市公安局华泰路,中层(共29层),
科华云玺台,顺庆恒大绿洲府荆大道,中层(共26层),
恒大绿洲,顺庆恒大绿洲府荆大道南段26号,高层(共32层),
金色愿景东苑,顺庆市政新区清风北路一段58号,中层(共33层),
塞维利亚,顺庆市政新区清泉寺北路23号,低层(共6层),
蓝润春风屿楠,顺庆恒大绿洲通江大道,中层(共26层),
滨江学府,顺庆火车站滨江北路一段,低层(共28层),
碧桂园西江月,顺庆马市铺果州大道,中层(共11层),
天誉原著,顺庆马市铺新城一路,高层(共18层),
优品道珑玺湾,顺庆恒大绿洲大营山一路,中层(共11层),
石榴紫宸府,顺庆华凤潆华南路二段,中层(共26层),
鸿通文德中央大境,顺庆市公安局潆华中路二段,低层(共26层),
敏捷星汇源著,顺庆市公安局华泰路,中层(共23层),
蓝润春风屿楠,顺庆恒大绿洲通江大道,中层(共32层),
鸿通文德中央大境,顺庆市公安局潆华中路二段,中层(共26层),
塞维利亚,顺庆市政新区清泉寺北路23号,中层(共6层),
碧桂园凤栖阁,顺庆北干道金鱼岭路525号,高层(共16层),
蓝润春风屿楠,顺庆恒大绿洲通江大道,中层(共28层),
金为领地悦城,顺庆马市铺华荣路一段299号,高层(共10层),
锦城世家,顺庆北干道白土坝路,中层(共17层),
碧桂园西江月,顺庆马市铺果州大道,高层(共18层),
欧香小镇,顺庆白土坝潆华中路二段429号,低层(共33层),
敏捷星汇源著,顺庆市公安局华泰路,低层(共29层),
敏捷星汇源著,顺庆市公安局华泰路,低层(共11层),
颐和嘉园东区,顺庆市政新区三元路6号,高层(共6层),
鸿通翡翠城,顺庆火车北站潆华东路,中层(共26层),
塞维利亚,顺庆市政新区清泉寺北路23号,低层(共6层),
龙湾凤凰台,顺庆北干道正兴街,中层(共17层),
美宇书香蘭庭,顺庆恒大绿洲府荆中路一段19号,低层(共27层),
石榴紫宸府,顺庆华凤潆华南路二段,中层(共17层),
鸿通公园1988,顺庆马市铺新城一路,低层(共27层),
优品道珑玺湾,顺庆恒大绿洲大营山一路,高层(共11层),
鸿通文德中央大境,顺庆市公安局潆华中路二段,中层(共26层),
骏达小区,顺庆顺庆五星花园双福街71号,中层(共22层),
鸿通文德中央大境,顺庆市公安局潆华中路二段,中层(共26层),
中南尚景阅,顺庆清泉坝惠泉路,中层(共26层),
北岭颐园南区,顺庆北干道潆华南路二段,中层(共6层),
凌凯春天,顺庆市政新区茂源北路173号,低层(共18层),
美宇书香蘭庭,顺庆恒大绿洲府荆中路一段19号,低层(共26层),
金色愿景,顺庆市政新区环都大道二段17号,高层(共6层),
香意湾,顺庆市政新区镇江东路二段,中层(共27层),
鸿通文德中央大境,顺庆市公安局潆华中路二段,低层(共27层),
城市首座,顺庆火车站金鱼岭路238号,中层(共33层),
蓝润春风屿楠,顺庆恒大绿洲通江大道,低层(共26层),
鸿通文德中央大境,顺庆市公安局潆华中路二段,中层(共31层),
和锦名苑,顺庆市政新区清泉寺南路31号,高层(共33层),
北岭颐园(北区),顺庆白土坝潆华南路2段68号,高层(共6层),
碧桂园凤栖阁,顺庆北干道金鱼岭路525号,中层(共18层),
蓝润春风屿楠,顺庆恒大绿洲通江大道,中层(共27层),
鸿通文德中央大境,顺庆市公安局潆华中路二段,低层(共27层),
绿地城上海滩花园(一区),顺庆火车北站潆华北路一段,中层(共32层),
敏捷星汇源著,顺庆市公安局华泰路,中层(共27层),
科华熙和公馆,顺庆火车站桑园路,中层(共27层),
天府明珠,顺庆市政新区滨江北路三段56号,中层(共26层),
恒河常春藤大院,顺庆市政新区清风南路10号,中层(共34层),
鸿通文德中央大境,顺庆市公安局潆华中路二段,中层(共27层),
龙吟华城,顺庆金鱼岭龙吟路33号,低层(共6层),
天府明珠,顺庆市政新区滨江北路三段56号,中层(共18层),
中南世纪城,顺庆滨江大道清澜路二段1号,高层(共26层),
科华云玺台,顺庆恒大绿洲府荆大道,低层(共28层),
恒河常春藤大院,顺庆市政新区清风南路10号,中层(共34层),
蓝润春风屿楠,顺庆恒大绿洲通江大道,低层(共24层),
天府明珠,顺庆市政新区滨江北路三段56号,中层(共18层),
优品道珑玺湾,顺庆恒大绿洲大营山一路,低层(共26层),
望泰雅居,顺庆南门坝滨江中路四段350号,低层(共28层),
江与城(顺庆),顺庆市政新区清泉寺北路12号,低层(共26层),
祺秀苑B区,顺庆顺庆五星花园石油南路84号,共5层,
西蜀嘉园,顺庆市政新区锦程路269号,高层(共29层),
中梁壹号院,顺庆清泉坝澄泉路19号,共5层,
北岭颐园南区,顺庆北干道潆华南路二段,中层(共6层),
内然机厂宿舍楼,顺庆金鱼岭延安路398号,高层(共8层),
辉宇都市泊岸,顺庆潆溪潆康南路316号,中层(共10层),
蓝光香江国际,顺庆南门坝南门北街80号,低层(共28层),
天誉原著,顺庆马市铺新城一路,低层(共26层),
金为铂鹭风华,顺庆恒大绿洲府荆大道,中层(共32层),
阳光君悦府,顺庆华凤金融大道,高层(共18层),
柏林春天,顺庆市政新区锦亭路187号,中层(共17层),
碧桂园原树缇香,顺庆恒大绿洲府荆路,高层(共26层),
格兰春天,顺庆南门坝玉带南路二段99号,中层(共7层),
宏凌城市花园,顺庆华凤锦亭路36号,中层(共18层),
碧桂园凤栖阁,顺庆北干道金鱼岭路525号,低层(共26层),
南充市人大宿舍,顺庆西门西河中路39号,共5层,
内然机厂宿舍楼,顺庆金鱼岭延安路398号,共5层,
恒大绿洲,顺庆恒大绿洲府荆大道南段26号,中层(共32层),
翠堤雅居,顺庆南门坝南门西街19号,中层(共6层),
碧桂园原树缇香,顺庆恒大绿洲府荆路,高层(共28层),
龙吟华城,顺庆金鱼岭龙吟路33号,高层(共11层),
蓝光香江国际,顺庆南门坝南门北街80号,低层(共41层),
敏捷星汇源著,顺庆市公安局华泰路,中层(共26层),
龙吟水郡,顺庆北干道龙吟路58号,高层(共6层),
英伦城邦,顺庆白土坝白土坝路288号,高层(共33层),
领地兰台府,顺庆北干道茂源南路118号,中层(共11层),
碧桂园凤栖阁,顺庆北干道金鱼岭路525号,低层(共26层),
恒大绿洲,顺庆恒大绿洲府荆大道南段26号,高层(共32层),
恒大绿洲,顺庆恒大绿洲府荆大道南段26号,高层(共32层),
鸿通公园1988,顺庆马市铺新城一路,低层(共26层),
绿地城上海滩花园(一区),顺庆火车北站潆华北路一段,中层(共6层),
尚水佳苑,顺庆市政新区规划八路,中层(共23层),
西华师大学府花园,顺庆华凤西华路三段13号,低层(共6层),
合众街23号小区,顺庆顺庆五星花园合众街23号,中层(共6层),
明宇帝壹家东区,顺庆南门坝文峰街87号,高层(共32层),
鸿通文德中央大境,顺庆市公安局潆华中路二段,低层(共26层),
金为领地悦城,顺庆马市铺华荣路一段299号,低层(共26层),
优品道珑玺湾,顺庆恒大绿洲大营山一路,中层(共32层),
蓝润春风屿楠,顺庆恒大绿洲通江大道,低层(共26层),
敏捷星汇源著,顺庆市公安局华泰路,低层(共27层),
金科集美天宸(二期),顺庆清泉坝清池路126号,中层(共32层),
颐和嘉园西区,顺庆市政新区三元路19号,低层(共6层),
欧香小镇,顺庆白土坝潆华中路二段429号,低层(共33层),
内然机厂宿舍楼,顺庆金鱼岭延安路398号,中层(共8层),
南充恒大中航城,顺庆清泉坝清嘉路168号,中层(共33层),
敏捷星汇源著,顺庆市公安局华泰路,低层(共26层),
中南世纪城,顺庆滨江大道清澜路二段1号,低层(共26层),
育英路6号小区,顺庆西华师大育英路6号,低层(共9层),
西蜀嘉园,顺庆市政新区锦程路269号,低层(共26层),
凌凯春天,顺庆市政新区茂源北路173号,低层(共18层),
石油新城东一区,顺庆市政新区镇江东路二段57号,高层(共6层),
欧香小镇,顺庆白土坝潆华中路二段429号,高层(共6层),
紫云巷21号附1号小区,顺庆顺庆五星花园紫云巷21号附1号,高层(共8层),
鸿通文德中央大境,顺庆市公安局潆华中路二段,低层(共26层),
恒大绿洲,顺庆恒大绿洲府荆大道南段26号,高层(共32层),
石油新城东一区,顺庆市政新区镇江东路二段57号,高层(共6层),
凌凯春天,顺庆市政新区茂源北路173号,低层(共18层),
颐和嘉园西区,顺庆市政新区三元路19号,低层(共7层),
欧香小镇,顺庆白土坝潆华中路二段429号,高层(共6层),
湘西苑,顺庆西山丝绸路275号,高层(共11层),
碧桂园凤栖阁,顺庆北干道金鱼岭路525号,中层(共18层),
恒大绿洲,顺庆恒大绿洲府荆大道南段26号,低层(共30层),
海润滨江,顺庆滨江大道滨江中路一段,低层(共18层),
金鱼岭花园C区,顺庆金鱼岭金鱼街26附15号,低层(共6层),
香槟小城(二区),顺庆火车站伍家坡街76号,高层(共11层),
紫云巷21号附1号小区,顺庆顺庆五星花园紫云巷21号附1号,高层(共8层),
蓝光雍锦半岛,顺庆清泉坝澄泉路159号,中层(共6层),
天誉原著,顺庆马市铺新城一路,低层(共26层),
清泉小区东区,顺庆市政新区清风北路二段28号,低层(共6层),
优品道珑玺湾,顺庆恒大绿洲大营山一路,中层(共11层),
南充市人大宿舍,顺庆西门西河中路39号,低层(共6层),
鸿通翡翠城,顺庆火车北站潆华东路,中层(共17层),
北岭颐园(北区),顺庆白土坝潆华南路2段68号,高层(共6层),
瑞露嘉都,顺庆南门坝文峰街二段2号,高层(共11层),
中梁壹号院,顺庆清泉坝澄泉路19号,共5层,
碧桂园西江月,顺庆马市铺果州大道,低层(共26层),
悠山丽景,顺庆华凤潆华南路96号,低层(共7层),
和平家园,顺庆金鱼岭半环巷103号,中层(共7层),
滨江天地,顺庆市政新区规划八路,高层(共28层),
金为领地悦城,顺庆马市铺华荣路一段299号,中层(共26层),
恒河常春藤大院,顺庆市政新区清风南路10号,中层(共34层),
鸿通春天花城,顺庆华凤站前大道一段6号,低层(共13层),
内然机厂宿舍楼,顺庆金鱼岭延安路398号,高层(共8层),
金为铂鹭风华,顺庆恒大绿洲府荆大道,低层(共32层),
金为领地悦城,顺庆马市铺华荣路一段299号,低层(共28层),
敏捷星汇源著,顺庆市公安局华泰路,低层(共10层),
锦城世家,顺庆北干道白土坝路,中层(共17层),
紫罗兰大厦,顺庆顺庆五星花园人民中路177号,中层(共9层),
鸿通公园1988,顺庆马市铺新城一路,低层(共18层),
香意湾,顺庆市政新区镇江东路二段,低层(共15层),
江与城(顺庆),顺庆市政新区清泉寺北路12号,低层(共32层),
清泉小区西区,顺庆市政新区清风北路二段19号,高层(共6层),
碧桂园凤栖阁,顺庆北干道金鱼岭路525号,低层(共18层),
佳兆业君临,顺庆白土坝凤鸣路18号,低层(共11层),
中梁壹号院,顺庆清泉坝澄泉路19号,共4层,
天誉原著,顺庆马市铺新城一路,中层(共26层),
碧桂园原树缇香,顺庆恒大绿洲府荆路,高层(共26层),
小可巷47号院,顺庆金鱼岭小可巷47号,高层(共8层),
优品道珑玺湾,顺庆恒大绿洲大营山一路,中层(共26层),
春风玫瑰园,顺庆市政新区万年西路93号,中层(共11层),
石油新城东一区,顺庆市政新区镇江东路二段57号,高层(共6层),
蓝光香江国际,顺庆南门坝南门北街80号,高层(共35层),
绿地城上海滩花园(一区),顺庆火车北站潆华北路一段,中层(共26层),
绿地城上海滩花园(三期),顺庆火车北站潆华北路,低层(共27层),
悦府,顺庆南门坝大南街29号,高层(共26层),
瑞露嘉都(别墅),顺庆南门坝文峰街二段2号,共1层,
清泉小区东区,顺庆市政新区清风北路二段28号,低层(共6层),
敏捷星汇源著,顺庆市公安局华泰路,低层(共26层),
格兰春天,顺庆南门坝玉带南路二段99号,共5层,
祺秀苑B区,顺庆顺庆五星花园石油南路84号,共3层,
优品道珑玺湾,顺庆恒大绿洲大营山一路,中层(共29层),
石榴紫宸府(别墅),顺庆市公安局潆华南路二段,共5层,
北岭颐园(北区),顺庆白土坝潆华南路2段68号,高层(共6层),
格兰春天,顺庆南门坝玉带南路二段99号,共5层,
欧香小镇,顺庆白土坝潆华中路二段429号,低层(共33层),
恒河常春藤大院,顺庆市政新区清风南路10号,低层(共6层),
南充恒大中航城,顺庆清泉坝清嘉路168号,高层(共27层),
云岭花园,顺庆华凤群兴东路133号,高层(共6层),
西蜀嘉园,顺庆市政新区锦程路269号,高层(共29层),
绿地城上海滩花园(二区),顺庆火车北站潆华北路二段,低层(共33层),
恒河常春藤大院,顺庆市政新区清风南路10号,中层(共34层),
中梁壹号院,顺庆清泉坝澄泉路19号,共5层,
恒大绿洲,顺庆恒大绿洲府荆大道南段26号,高层(共32层),
中南世纪城,顺庆滨江大道清澜路二段1号,中层(共30层),
春风玫瑰园,顺庆市政新区万年西路93号,高层(共6层),
江与城(顺庆),顺庆市政新区清泉寺北路12号,低层(共30层),
鸿通翡翠城紫云府(一区),顺庆火车北站站前大道,中层(共17层),
碧桂园西江月,顺庆马市铺果州大道,低层(共18层),
天誉原著,顺庆马市铺新城一路,中层(共30层),
海润滨江,顺庆滨江大道滨江中路一段,中层(共32层),
瑞露嘉都(别墅),顺庆南门坝文峰街二段2号,共1层,
石油新城东二区,顺庆市政新区镇江东路二段17号,高层(共11层),
宇华公寓,顺庆马市铺半边街81号,中层(共18层),
天府明珠,顺庆市政新区滨江北路三段56号,中层(共18层),
格兰春天,顺庆南门坝玉带南路二段99号,中层(共7层),
敏捷星汇源著,顺庆市公安局华泰路,低层(共28层),
恒大绿洲,顺庆恒大绿洲府荆大道南段26号,高层(共32层),
格兰春天,顺庆南门坝玉带南路二段99号,高层(共6层),
颐和嘉园东区,顺庆市政新区三元路6号,共1层,
内小北街66号小区,顺庆顺庆五星花园内小北街66号,高层(共6层),
金为领地悦城,顺庆马市铺华荣路一段299号,低层(共28层),
恒大绿洲,顺庆恒大绿洲府荆大道南段26号,高层(共33层),
北岭颐园(北区),顺庆白土坝潆华南路2段68号,高层(共6层),
新风尚,顺庆市政新区锦程路198号,中层(共6层),
恒大绿洲,顺庆恒大绿洲府荆大道南段26号,低层(共32层),
碧桂园原树缇香,顺庆恒大绿洲府荆路,低层(共25层),
鸿通翡翠城,顺庆火车北站潆华东路,中层(共17层),
绿地城上海滩花园(三期),顺庆火车北站潆华北路,高层(共27层),
三公街68号小区,顺庆西华师大三公街68号,高层(共8层),
蓝润春风屿楠,顺庆恒大绿洲通江大道,中层(共25层),
鸿通公园1988,顺庆马市铺新城一路,低层(共26层),
宏凌城市花园,顺庆华凤锦亭路36号,中层(共18层),
龙吟瑞景,顺庆市政新区镇江西路一段55号,低层(共6层),
北岭颐园(北区),顺庆白土坝潆华南路2段68号,低层(共6层),
鸿通春天花城,顺庆华凤站前大道一段6号,中层(共11层),
龙湾凤凰台,顺庆北干道正兴街,中层(共30层),
塞维利亚,顺庆市政新区清泉寺北路23号,低层(共6层),
滨江首座(顺庆),顺庆滨江大道滨江中路一段407号,中层(共32层),
北湖路228号院,顺庆北湖公园北湖路228号,低层(共6层),
优品道珑玺湾,顺庆恒大绿洲大营山一路,中层(共26层),
石油新城东二区,顺庆市政新区镇江东路二段17号,中层(共11层),
中南世纪城,顺庆滨江大道清澜路二段1号,中层(共31层),
杏林小区,顺庆马市铺四海街16号,中层(共17层),
金科集美天宸(二期),顺庆清泉坝清池路126号,高层(共31层),
佳和名苑,顺庆金鱼岭延安路359号,中层(共7层),
金为铂鹭风华,顺庆恒大绿洲府荆大道,低层(共27层),
蓝光雍锦半岛,顺庆清泉坝澄泉路159号,低层(共31层),
浪琴海岸,顺庆滨江大道滨江中路一段305号,高层(共16层),
育英路42号小区,顺庆西华师大育英路42号,高层(共8层),
美宇书香蘭庭,顺庆恒大绿洲府荆中路一段19号,低层(共22层),
春风玫瑰园,顺庆市政新区万年西路93号,中层(共24层),
敏捷星汇源著,顺庆市公安局华泰路,低层(共28层),
中梁壹号院,顺庆清泉坝澄泉路19号,共5层,
瑞露嘉都(别墅),顺庆南门坝文峰街二段2号,共1层,
中梁壹号院,顺庆清泉坝澄泉路19号,共5层,
